Date,MSCIEAFE
10/7/22,1693.58
10/6/22,1718.36
10/5/22,1725.97
10/4/22,1743.61
10/3/22,1676.54
9/30/22,1661.48
9/29/22,1655.31
9/28/22,1654.25
9/27/22,1656.28
9/26/22,1659.81
9/23/22,1688.02
9/22/22,1734.01
9/21/22,1757.96
9/20/22,1772.27
9/19/22,1783.86
9/16/22,1788.6
9/15/22,1806.03
9/14/22,1816.43
9/13/22,1838.44
9/12/22,1876.43
9/9/22,1838.8
9/8/22,1800.52
9/7/22,1780.96
9/6/22,1793.63
9/5/22,1802.23
9/2/22,1823.46
9/1/22,1790.17
8/31/22,1840.5
8/30/22,1847.99
8/29/22,1850.12
8/26/22,1882.33
8/25/22,1898.45
8/24/22,1889.69
8/23/22,1890.94
8/22/22,1897.04
8/19/22,1919.5
8/18/22,1946.51
8/17/22,1948.84
8/16/22,1961.45
8/15/22,1966.73
8/12/22,1963.88
8/11/22,1970.07
8/10/22,1968.54
8/9/22,1932
8/8/22,1944.19
8/5/22,1924.07
8/4/22,1941.71
8/3/22,1923.94
8/2/22,1934.68
8/1/22,1957.62
7/29/22,1937.26
7/28/22,1915.34
7/27/22,1886.87
7/26/22,1884.17
7/25/22,1892.5
7/22/22,1897.38
7/21/22,1881.36
7/20/22,1878.23
7/19/22,1872.94
7/18/22,1847.23
7/15/22,1817.05
7/14/22,1784.89
7/13/22,1823.1
7/12/22,1827.58
7/11/22,1829.19
7/8/22,1849.48
7/7/22,1840.83
7/6/22,1813
7/5/22,1805.62
7/4/22,1850.29
7/1/22,1832.34
6/30/22,1846.28
6/29/22,1873.48
6/28/22,1892.35
6/27/22,1896.13
6/24/22,1874.19
6/23/22,1837.39
6/22/22,1850.69
6/21/22,1858.12
6/20/22,1842.38
6/17/22,1823.08
6/16/22,1847.03
6/15/22,1858.63
6/14/22,1847.36
6/13/22,1877.83
6/10/22,1934.2
6/9/22,1992.38
6/8/22,2026.78
6/7/22,2029.95
6/6/22,2040.1
6/3/22,2029.06
6/2/22,2032.45
6/1/22,2021.94
5/31/22,2037.87
5/30/22,2063.2
5/27/22,2035.83
5/26/22,2010.46
5/25/22,1996.36
5/24/22,1995.71
5/23/22,2004.71
5/20/22,1969.24
5/19/22,1958.61
5/18/22,1973.11
5/17/22,1981.59
5/16/22,1946.43
5/13/22,1942.38
5/12/22,1909.42
5/11/22,1938.43
5/10/22,1918.87
5/9/22,1914.94
5/6/22,1972.82
5/5/22,1993.23
5/4/22,2004.93
5/3/22,2016.51
5/2/22,2006.33
4/29/22,2033.7
4/28/22,2012.6
4/27/22,2002.9
4/26/22,2019.97
4/25/22,2039.91
4/22/22,2081.96
4/21/22,2126.64
4/20/22,2127.03
4/19/22,2094.81
4/18/22,2107.2
4/15/22,2115.99
4/14/22,2118.51
4/13/22,2113.9
4/12/22,2113.28
4/11/22,2126.86
4/8/22,2139.56
4/7/22,2126.57
4/6/22,2141.33
4/5/22,2176.49
4/4/22,2182.74
4/1/22,2171.14
3/31/22,2181.63
3/30/22,2204.09
3/29/22,2202.26
3/28/22,2150.98
3/25/22,2159.53
3/24/22,2162.5
3/23/22,2166.71
3/22/22,2170.43
3/21/22,2157.62
3/18/22,2156.76
3/17/22,2149.68
3/16/22,2107.99
3/15/22,2052.62
3/14/22,2058.05
3/11/22,2043.94
3/10/22,2053.78
3/9/22,2057.53
3/8/22,1977.61
3/7/22,1996.31
3/4/22,2035.47
3/3/22,2107.87
3/2/22,2127.71
3/1/22,2139.37
2/28/22,2179.1
2/25/22,2177.75
2/24/22,2108.09
2/23/22,2200.46
2/22/22,2204.38
2/21/22,2215.9
2/18/22,2235.92
2/17/22,2256.56
2/16/22,2266.3
2/15/22,2251.45
2/14/22,2230.46
2/11/22,2279.33
2/10/22,2298.54
2/9/22,2294.96
2/8/22,2258.79
2/7/22,2260
2/4/22,2247.73
2/3/22,2261.69
2/2/22,2276.83
2/1/22,2250.43
1/31/22,2222.45
1/28/22,2201.56
1/27/22,2203.51
1/26/22,2234.47
1/25/22,2211.51
1/24/22,2218.6
1/21/22,2284.35
1/20/22,2318.85
1/19/22,2301
1/18/22,2313.35
1/17/22,2337.99
1/14/22,2333
1/13/22,2359.59
1/12/22,2352.69
1/11/22,2316.74
1/10/22,2305.94
1/7/22,2328.99
1/6/22,2323.2
1/5/22,2365.59
1/4/22,2357.72
1/3/22,2330.44
12/31/21,2336.07
12/30/21,2334.61
12/29/21,2338.07
12/28/21,2334.17
12/27/21,2319.64
12/24/21,2316.1
12/23/21,2314.75
12/22/21,2295.67
12/21/21,2273.25
12/20/21,2247.76
12/17/21,2278.88
12/16/21,2300.38
12/15/21,2265.21
12/14/21,2262.63
12/13/21,2278.29
12/10/21,2289.62
12/9/21,2296.3
12/8/21,2305.97
12/7/21,2296.54
12/6/21,2250.3
12/3/21,2235.12
12/2/21,2242.99
12/1/21,2265.13
11/30/21,2223.7
11/29/21,2247.11
11/26/21,2256.95
11/25/21,2305.54
11/24/21,2295.64
11/23/21,2311.09
11/22/21,2328.02
11/19/21,2344.93
11/18/21,2350.3
11/17/21,2351.77
11/16/21,2360.69
11/15/21,2371.2
11/12/21,2364.2
11/11/21,2354.64
11/10/21,2356.2
11/9/21,2369.8
11/8/21,2377.93
11/5/21,2373.27
11/4/21,2372.46
11/3/21,2363.79
11/2/21,2358.1
11/1/21,2361.85
10/29/21,2335.53
10/28/21,2354.51
10/27/21,2342.5
10/26/21,2346.96
10/25/21,2334.34
10/22/21,2338.59
10/21/21,2329.83
10/20/21,2337.42
10/19/21,2329.6
10/18/21,2314.39
10/15/21,2324.5
10/14/21,2300.97
10/13/21,2277.54
10/12/21,2265.29
10/11/21,2275.18
10/8/21,2269.79
10/7/21,2266.37
10/6/21,2238.73
10/5/21,2262.25
10/4/21,2260
10/1/21,2263.9
9/30/21,2281.29
9/29/21,2281.47
9/28/21,2296.01
9/27/21,2338.2
9/24/21,2341.69
9/23/21,2353.16
9/22/21,2336.57
9/21/21,2327.26
9/20/21,2318.03
9/17/21,2348.46
9/16/21,2366.06
9/15/21,2372.26
9/14/21,2390.26
9/13/21,2383.13
9/10/21,2381.44
9/9/21,2374.46
9/8/21,2380.38
9/7/21,2398.71
9/6/21,2404.8
9/3/21,2389.45
9/2/21,2384.89
9/1/21,2377.68
8/31/21,2356.42
8/30/21,2358.28
8/27/21,2349.46
8/26/21,2339.25
8/25/21,2345.77
8/24/21,2348.44
8/23/21,2338.26
8/20/21,2307.19
8/19/21,2309.06
8/18/21,2347.38
8/17/21,2346.45
8/16/21,2362.76
8/13/21,2379
8/12/21,2362.81
8/11/21,2363.75
8/10/21,2348.43
8/9/21,2345.78
8/6/21,2344.82
8/5/21,2358.52
8/4/21,2351.45
8/3/21,2348.61
8/2/21,2349.47
7/30/21,2321.09
7/29/21,2341.81
7/28/21,2314.15
7/27/21,2315.76
7/26/21,2317.82
7/23/21,2307.08
7/22/21,2298.19
7/21/21,2285.45
7/20/21,2253.68
7/19/21,2260.6
7/16/21,2302.81
7/15/21,2311.97
7/14/21,2333.75
7/13/21,2335.99
7/12/21,2337.26
7/9/21,2313.37
7/8/21,2297.41
7/7/21,2317.99
7/6/21,2314.01
7/5/21,2324.13
7/2/21,2315.5
7/1/21,2309.27
6/30/21,2304.92
6/29/21,2326.31
6/28/21,2330.03
6/25/21,2342.43
6/24/21,2330.95
6/23/21,2321.77
6/22/21,2327.96
6/21/21,2309.4
6/18/21,2308.52
6/17/21,2350.34
6/16/21,2382.76
6/15/21,2379.37
6/14/21,2371.73
6/11/21,2365.55
6/10/21,2365.09
6/9/21,2364.86
6/8/21,2367.28
6/7/21,2366.7
6/4/21,2357.79
6/3/21,2343.63
6/2/21,2353.78
6/1/21,2349.35
5/31/21,2334
5/28/21,2341.39
5/27/21,2325.27
5/26/21,2328.81
5/25/21,2331.53
5/24/21,2324.15
5/21/21,2314.63
5/20/21,2307.53
5/19/21,2287.88
5/18/21,2317.75
5/17/21,2293.54
5/14/21,2292.17
5/13/21,2254.21
5/12/21,2269.53
5/11/21,2289.83
5/10/21,2336.23
5/7/21,2324.42
5/6/21,2295.82
5/5/21,2280.89
5/4/21,2256.29
5/3/21,2282.89
4/30/21,2268.51
4/29/21,2291.95
4/28/21,2291.91
4/27/21,2289.83
4/26/21,2298.29
4/23/21,2287.85
4/22/21,2288.56
4/21/21,2267
4/20/21,2271.94
4/19/21,2307.07
4/16/21,2299.28
4/15/21,2285.01
4/14/21,2272.89
4/13/21,2261.73
4/12/21,2255.67
4/9/21,2262.48
4/8/21,2262.69
4/7/21,2252.4
4/6/21,2244.53
4/5/21,2236.36
4/2/21,2223.56
4/1/21,2219.15
3/31/21,2208.32
3/30/21,2216.07
3/29/21,2218.44
3/26/21,2217.82
3/25/21,2194.08
3/24/21,2195.79
3/23/21,2215.17
3/22/21,2231.46
3/19/21,2231.43
3/18/21,2246.82
3/17/21,2229.17
3/16/21,2235.29
3/15/21,2220.87
3/12/21,2219.3
3/11/21,2220.46
3/10/21,2202.8
3/9/21,2195.33
3/8/21,2172.79
3/5/21,2155.51
3/4/21,2185.44
3/3/21,2205.37
3/2/21,2199.24
3/1/21,2198.61
2/26/21,2168.87
2/25/21,2233.61
2/24/21,2217.81
2/23/21,2234.31
2/22/21,2233.75
2/19/21,2232.56
2/18/21,2222.06
2/17/21,2233.61
2/16/21,2256.88
2/15/21,2254.64
2/12/21,2227.7
2/11/21,2221.46
2/10/21,2215.36
2/9/21,2211.03
2/8/21,2202.48
2/5/21,2182.17
2/4/21,2165.73
2/3/21,2168.22
2/2/21,2156.27
2/1/21,2139.28
1/29/21,2124.05
1/28/21,2159.65
1/27/21,2170.28
1/26/21,2194.71
1/25/21,2187.21
1/22/21,2199.96
1/21/21,2209.99
1/20/21,2199.23
1/19/21,2192.04
1/18/21,2181.22
1/15/21,2184.94
1/14/21,2209.37
1/13/21,2197.45
1/12/21,2192.66
1/11/21,2187.97
1/8/21,2215.12
1/7/21,2192.83
1/6/21,2178.63
1/5/21,2163.59
1/4/21,2162.36
1/1/21,2147.53
12/31/20,2147.53
12/30/20,2161.48
12/29/20,2159.25
12/28/20,2133.88
12/25/20,2118.63
12/24/20,2118.03
12/23/20,2113.37
12/22/20,2092.5
12/21/20,2094.15
12/18/20,2131.59
12/17/20,2141.25
12/16/20,2123.54
12/15/20,2103.55
12/14/20,2099.52
12/11/20,2090.16
12/10/20,2100
12/9/20,2101.49
12/8/20,2092.75
12/7/20,2093.5
12/4/20,2101.12
12/3/20,2096.28
12/2/20,2080.77
12/1/20,2074.08
11/30/20,2053.83
11/27/20,2080.15
11/26/20,2066.59
11/25/20,2065.6
11/24/20,2058.59
11/23/20,2025.29
11/20/20,2035.27
11/19/20,2026.37
11/18/20,2040
11/17/20,2034.58
11/16/20,2028.23
11/13/20,1998.05
11/12/20,2001.32
11/11/20,2007.01
11/10/20,1990.66
11/9/20,1968.9
11/6/20,1924.19
11/5/20,1916.22
11/4/20,1876.22
11/3/20,1848.79
11/2/20,1805.9
10/30/20,1780.08
10/29/20,1789.64
10/28/20,1805.35
10/27/20,1849.24
10/26/20,1860.2
10/23/20,1884.26
10/22/20,1874.07
10/21/20,1887.11
10/20/20,1888.76
10/19/20,1893.41
10/16/20,1882.36
10/15/20,1870.46
10/14/20,1908.49
10/13/20,1907.81
10/12/20,1919.48
10/9/20,1910.2
10/8/20,1896.55
10/7/20,1884.38
10/6/20,1888.31
10/5/20,1884.14
10/2/20,1855.1
10/1/20,1859.54
9/30/20,1855.32
9/29/20,1867.88
9/28/20,1866.06
9/25/20,1830.99
9/24/20,1830.9
9/23/20,1855.32
9/22/20,1851.38
9/21/20,1856.89
9/18/20,1911.81
9/17/20,1911.18
9/16/20,1925.15
9/15/20,1914.89
9/14/20,1910.62
9/11/20,1896.99
9/10/20,1897.15
9/9/20,1891.92
9/8/20,1878.74
9/7/20,1891.53
9/4/20,1870.29
9/3/20,1899.02
9/2/20,1913.04
9/1/20,1902.89
8/31/20,1909.99
8/28/20,1910.82
8/27/20,1902.25
8/26/20,1917.08
8/25/20,1905.7
8/24/20,1905.54
8/21/20,1879.9
8/20/20,1885.94
8/19/20,1915.01
8/18/20,1908.27
8/17/20,1905.11
8/14/20,1899.51
8/13/20,1912.76
8/12/20,1912.37
8/11/20,1889.55
8/10/20,1859.36
8/7/20,1855.11
8/6/20,1862.3
8/5/20,1875.61
8/4/20,1855.47
8/3/20,1839.41
7/31/20,1820.21
7/30/20,1845.95
7/29/20,1872.58
7/28/20,1874.56
7/27/20,1876.09
7/24/20,1859.81
7/23/20,1875.42
7/22/20,1873.43
7/21/20,1880.28
7/20/20,1862.44
7/17/20,1852.43
7/16/20,1852.55
7/15/20,1863.96
7/14/20,1829.7
7/13/20,1839.35
7/10/20,1812.78
7/9/20,1805.62
7/8/20,1816.33
7/7/20,1824.85
7/6/20,1839
7/3/20,1804.35
7/2/20,1807.66
7/1/20,1783.59
6/30/20,1780.58
6/29/20,1775.53
6/26/20,1779.71
6/25/20,1780.69
6/24/20,1788.8
6/23/20,1832.11
6/22/20,1801.43
6/19/20,1803.74
6/18/20,1801.43
6/17/20,1811.44
6/16/20,1802.74
6/15/20,1750.51
6/12/20,1768.14
6/11/20,1789.2
6/10/20,1849.36
6/9/20,1852.38
6/8/20,1854
6/5/20,1846.51
6/4/20,1820.35
6/3/20,1813.24
6/2/20,1773.59
6/1/20,1747.21
5/29/20,1725.09
5/28/20,1743.06
5/27/20,1706.42
5/26/20,1701.73
5/25/20,1664.8
5/22/20,1641.59
5/21/20,1656.36
5/20/20,1673.83
5/19/20,1654.62
5/18/20,1642.4
5/15/20,1594.72
5/14/20,1588.17
5/13/20,1623.38
5/12/20,1648.5
5/11/20,1643.2
5/8/20,1648.44
5/7/20,1617.93
5/6/20,1613.2
5/5/20,1618.37
5/4/20,1599.38
5/1/20,1635.82
4/30/20,1657.69
4/29/20,1664.94
4/28/20,1640.93
4/27/20,1622.59
4/24/20,1588.69
4/23/20,1602.6
4/22/20,1586.27
4/21/20,1573.54
4/20/20,1621.64
4/17/20,1622.3
4/16/20,1582.04
4/15/20,1589.35
4/14/20,1630.53
4/13/20,1605.1
4/10/20,1610.25
4/9/20,1606.93
4/8/20,1581.06
4/7/20,1576.96
4/6/20,1539.67
4/3/20,1487.08
4/2/20,1506.66
4/1/20,1518.13
3/31/20,1559.59
3/30/20,1558.48
3/27/20,1549.49
3/26/20,1561.6
3/25/20,1519.74
3/24/20,1451.15
3/23/20,1354.3
3/20/20,1393.92
3/19/20,1382.01
3/18/20,1376.21
3/17/20,1437.82
3/16/20,1424.87
3/13/20,1480.26
3/12/20,1491.75
3/11/20,1664.37
3/10/20,1694.02
3/9/20,1710.02
3/6/20,1813.63
3/5/20,1856.73
3/4/20,1859.44
3/3/20,1847.84
3/2/20,1829.9
2/28/20,1809.71
2/27/20,1867.64
2/26/20,1908.58
2/25/20,1918.64
2/24/20,1954.56
2/21/20,2002.86
2/20/20,2003.68
2/19/20,2018.46
2/18/20,2014.15
2/17/20,2026.91
2/14/20,2028.92
2/13/20,2033.74
2/12/20,2041.77
2/11/20,2033.6
2/10/20,2021.73
2/7/20,2030.29
2/6/20,2037.82
2/5/20,2022.14
2/4/20,2006.33
2/3/20,1986.3
1/31/20,1993.72
1/30/20,1999.03
1/29/20,2015.24
1/28/20,2009.44
1/27/20,2007.14
1/24/20,2044.92
1/23/20,2036.49
1/22/20,2051.62
1/21/20,2051.11
1/20/20,2056
1/17/20,2057.74
1/16/20,2048.65
1/15/20,2046.41
1/14/20,2044.86
1/13/20,2038.88
1/10/20,2040.49
1/9/20,2036.11
1/8/20,2028.51
1/7/20,2036.24
1/6/20,2031.56
1/3/20,2042.46
1/2/20,2048.95
1/1/20,2036.96
12/31/19,2036.94
12/30/19,2035.99
12/27/19,2042.9
12/26/19,2031.12
12/25/19,2028.19
12/24/19,2029.8
12/23/19,2027.37
12/20/19,2028.25
12/19/19,2023.57
12/18/19,2022.02
12/17/19,2029.31
12/16/19,2032.46
12/13/19,2015.62
12/12/19,1989.97
12/11/19,1983.83
12/10/19,1980.58
12/9/19,1983.94
12/6/19,1981.63
12/5/19,1969.77
12/4/19,1966.94
12/3/19,1958.26
12/2/19,1967.77
11/29/19,1974.47
11/28/19,1982.23
11/27/19,1984.6
11/26/19,1980.86
11/25/19,1978.66
11/22/19,1964.84
11/21/19,1963.04
11/20/19,1969.07
11/19/19,1981.17
11/18/19,1982.21
11/15/19,1976.69
11/14/19,1961.52
11/13/19,1972.37
11/12/19,1980.07
11/11/19,1976.44
11/8/19,1976.65
11/7/19,1981.56
11/6/19,1979.21
11/5/19,1976.4
11/4/19,1976.96
11/1/19,1966.7
10/31/19,1955.48
10/30/19,1954.1
10/29/19,1952.85
10/28/19,1946.49
10/25/19,1944.22
10/24/19,1941.92
10/23/19,1932.47
10/22/19,1931.68
10/21/19,1930.98
10/18/19,1920.09
10/17/19,1922.29
10/16/19,1916.33
10/15/19,1910.94
10/14/19,1891.35
10/11/19,1896.65
10/10/19,1862.39
10/9/19,1853.25
10/8/19,1851.23
10/7/19,1864.74
10/4/19,1854.43
10/3/19,1846.42
10/2/19,1849.26
10/1/19,1880.44
9/30/19,1889.36
9/27/19,1895.72
9/26/19,1895.62
9/25/19,1889.93
9/24/19,1905.73
9/23/19,1903.93
9/20/19,1912.66
9/19/19,1913.69
9/18/19,1905.01
9/17/19,1907.01
9/16/19,1902.29
9/13/19,1919.61
9/12/19,1905.31
9/11/19,1896.38
9/10/19,1884.3
9/9/19,1883.15
9/6/19,1882.43
9/5/19,1873.8
9/4/19,1858.23
9/3/19,1838.27
9/2/19,1837.94
8/30/19,1842.58
8/29/19,1831.36
8/28/19,1821.94
8/27/19,1825.71
8/26/19,1816.31
8/23/19,1826.73
8/22/19,1829.29
8/21/19,1836.03
8/20/19,1825.84
8/19/19,1828.99
8/16/19,1811.86
8/15/19,1797.33
8/14/19,1812.99
8/13/19,1829.79
8/12/19,1838.76
8/9/19,1840.48
8/8/19,1846.36
8/7/19,1829.31
8/6/19,1820.33
8/5/19,1832.72
8/2/19,1863.85
8/1/19,1894.34
7/31/19,1897.12
7/30/19,1899.97
7/29/19,1913.66
7/26/19,1914.68
7/25/19,1918.99
7/24/19,1925.54
7/23/19,1922.98
7/22/19,1916.56
7/19/19,1918.88
7/18/19,1906.32
7/17/19,1917.67
7/16/19,1921.12
7/15/19,1924.61
7/12/19,1921.45
7/11/19,1919.61
7/10/19,1916.82
7/9/19,1913.5
7/8/19,1922.76
7/5/19,1932.13
7/4/19,1949.7
7/3/19,1945.48
7/2/19,1937.01
7/1/19,1931.53
6/28/19,1922.3
6/27/19,1913.83
6/26/19,1907.58
6/25/19,1917.07
6/24/19,1918.87
6/21/19,1911.18
6/20/19,1918.39
6/19/19,1897.69
6/18/19,1881.97
6/17/19,1865.87
6/14/19,1870.17
6/13/19,1879.37
6/12/19,1886.67
6/11/19,1893.42
6/10/19,1880.58
6/7/19,1875.62
6/6/19,1854.18
6/5/19,1853.37
6/4/19,1834.96
6/3/19,1824.42
5/31/19,1817.39
5/30/19,1825.98
5/29/19,1828.23
5/28/19,1853.45
5/27/19,1855.29
5/24/19,1853.26
5/23/19,1839.56
5/22/19,1857.58
5/21/19,1861.58
5/20/19,1858.28
5/17/19,1865.83
5/16/19,1868.61
5/15/19,1860.52
5/14/19,1851.39
5/13/19,1848.88
5/10/19,1865.1
5/9/19,1860.04
5/8/19,1881.09
5/7/19,1885.82
5/6/19,1905.85
5/3/19,1918.81
5/2/19,1911.66
5/1/19,1925.83
4/30/19,1921.49
4/29/19,1916.38
4/26/19,1915.65
4/25/19,1910.87
4/24/19,1917.35
4/23/19,1921.89
4/22/19,1920.37
4/19/19,1920.81
4/18/19,1920.41
4/17/19,1928.1
4/16/19,1925.71
4/15/19,1922.22
4/12/19,1915.67
4/11/19,1909.6
4/10/19,1910.54
4/9/19,1911.76
4/8/19,1914.72
4/5/19,1911.4
4/4/19,1909.97
4/3/19,1916.71
4/2/19,1896.03
4/1/19,1896.35
3/29/19,1875.43
3/28/19,1865.86
3/27/19,1875.96
3/26/19,1881.34
3/25/19,1866.7
3/22/19,1882.97
3/21/19,1900.1
3/20/19,1896.57
3/19/19,1907.49
3/18/19,1900.06
3/15/19,1890.31
3/14/19,1874.7
3/13/19,1869.32
3/12/19,1861.69
3/11/19,1849.84
3/8/19,1839.23
3/7/19,1858.11
3/6/19,1875.37
3/5/19,1874.98
3/4/19,1878.7
3/1/19,1878.53
2/28/19,1873.72
2/27/19,1879.13
2/26/19,1879.39
2/25/19,1876.84
2/22/19,1869.15
2/21/19,1867.01
2/20/19,1870.03
2/19/19,1858.12
2/18/19,1855.25
2/15/19,1840.1
2/14/19,1828.8
2/13/19,1833.58
2/12/19,1823.35
2/11/19,1806.26
2/8/19,1804.73
2/7/19,1822.51
2/6/19,1843.96
2/5/19,1846.97
2/4/19,1828.29
2/1/19,1830.04
1/31/19,1831.09
1/30/19,1815.23
1/29/19,1810.73
1/28/19,1805.29
1/25/19,1813.63
1/24/19,1795.49
1/23/19,1793.36
1/22/19,1795.67
1/21/19,1804.92
1/18/19,1805.1
1/17/19,1782.72
1/16/19,1784.11
1/15/19,1785.12
1/14/19,1779.3
1/11/19,1786.13
1/10/19,1787.05
1/9/19,1785.4
1/8/19,1762.37
1/7/19,1752.71
1/4/19,1736.69
1/3/19,1710.22
1/2/19,1708.59
1/1/19,1719.94
12/31/18,1719.88
12/28/18,1712.32
12/27/18,1687.56
12/26/18,1686.69
12/25/18,1683.36
12/24/18,1703.42
12/21/18,1706.01
12/20/18,1713.27
12/19/18,1740.55
12/18/18,1732.1
12/17/18,1748.2
12/14/18,1752.74
12/13/18,1773.46
12/12/18,1775.1
12/11/18,1740
12/10/18,1732.45
12/7/18,1768.48
12/6/18,1758.35
12/5/18,1797.03
12/4/18,1817.92
12/3/18,1835.66
11/30/18,1809.56
11/29/18,1819.81
11/28/18,1800.64
11/27/18,1799.77
11/26/18,1804.74
11/23/18,1792.51
11/22/18,1793.81
11/21/18,1796.59
11/20/18,1789.12
11/19/18,1812.92
11/16/18,1812.84
11/15/18,1807.1
11/14/18,1813.66
11/13/18,1818.59
11/12/18,1819.05
11/9/18,1840.67
11/8/18,1856.93
11/7/18,1852.25
11/6/18,1834.94
11/5/18,1829.93
11/2/18,1837.05
11/1/18,1826.25
10/31/18,1815.17
10/30/18,1788.76
10/29/18,1785.3
10/26/18,1777.76
10/25/18,1784.14
10/24/18,1797.61
10/23/18,1809.13
10/22/18,1840.62
10/19/18,1849.37
10/18/18,1852.35
10/17/18,1866.21
10/16/18,1867.55
10/15/18,1847.99
10/12/18,1850.75
10/11/18,1851.2
10/10/18,1893.46
10/9/18,1903.14
10/8/18,1910.14
10/5/18,1927.14
10/4/18,1941.64
10/3/18,1957.33
10/2/18,1961.06
10/1/18,1970.26
9/28/18,1973.6
9/27/18,1985.9
9/26/18,1996.29
9/25/18,1996.99
9/24/18,1989.25
9/21/18,1994.96
9/20/18,1981.81
9/19/18,1964.24
9/18/18,1953.44
9/17/18,1943.47
9/14/18,1939.02
9/13/18,1929.86
9/12/18,1921.87
9/11/18,1911.65
9/10/18,1911.98
9/7/18,1905.44
9/6/18,1914.37
9/5/18,1923.61
9/4/18,1938.19
9/3/18,1957.13
8/31/18,1962.05
8/30/18,1976.2
8/29/18,1984.14
8/28/18,1982.25
8/27/18,1976.3
8/24/18,1957.03
8/23/18,1947.28
8/22/18,1958.19
8/21/18,1947.38
8/20/18,1938.11
8/17/18,1927.78
8/16/18,1922.55
8/15/18,1910.82
8/14/18,1936.31
8/13/18,1933.57
8/10/18,1950.8
8/9/18,1987.28
8/8/18,1991.05
8/7/18,1991.48
8/6/18,1974.91
8/3/18,1981.84
8/2/18,1976.62
8/1/18,1999.96
7/31/18,2006.06
7/30/18,2011.39
7/27/18,2011.48
7/26/18,2002.3
7/25/18,1992.82
7/24/18,1997.03
7/23/18,1980.7
7/20/18,1985.19
7/19/18,1970.94
7/18/18,1977.74
7/17/18,1972.64
7/16/18,1972.34
7/13/18,1972.68
7/12/18,1966.12
7/11/18,1961.47
7/10/18,1984.43
7/9/18,1984.2
7/6/18,1969.61
7/5/18,1954.39
7/4/18,1946.04
7/3/18,1946.26
7/2/18,1930.13
6/29/18,1958.64
6/28/18,1938.95
6/27/18,1950.22
6/26/18,1952.31
6/25/18,1953.62
6/22/18,1980.44
6/21/18,1963.99
6/20/18,1971.24
6/19/18,1962.15
6/18/18,1983.86
6/15/18,2000.09
6/14/18,2015.24
6/13/18,2019.46
6/12/18,2019.42
6/11/18,2023.54
6/8/18,2010.49
6/7/18,2021.08
6/6/18,2014.79
6/5/18,2000.91
6/4/18,2009.94
6/1/18,1992.4
5/31/18,1986.17
5/30/18,1981.98
5/29/18,1982.09
5/28/18,2006.16
5/25/18,2014.52
5/24/18,2023.03
5/23/18,2029.27
5/22/18,2053.91
5/21/18,2048.58
5/18/18,2047.36
5/17/18,2050.45
5/16/18,2041.88
5/15/18,2048.76
5/14/18,2066.8
5/11/18,2059.94
5/10/18,2043.79
5/9/18,2039.14
5/8/18,2033.96
5/7/18,2037.31
5/4/18,2031.2
5/3/18,2026.73
5/2/18,2032.72
5/1/18,2029.62
4/30/18,2043.66
4/27/18,2042.83
4/26/18,2036.38
4/25/18,2030.72
4/24/18,2047.81
4/23/18,2044.82
4/20/18,2050.72
4/19/18,2064.24
4/18/18,2065.01
4/17/18,2050.6
4/16/18,2043.58
4/13/18,2042.41
4/12/18,2037.43
4/11/18,2041.2
4/10/18,2044.09
4/9/18,2024.28
4/6/18,2013.31
4/5/18,2014.2
4/4/18,1988.74
4/3/18,1992.24
4/2/18,2005.39
3/30/18,2005.67
3/29/18,2002.23
3/28/18,2001.8
3/27/18,2011.22
3/26/18,1989.65
3/23/18,1989.61
3/22/18,2015.98
3/21/18,2024.76
3/20/18,2026.55
3/19/18,2030.5
3/16/18,2043.58
3/15/18,2047.89
3/14/18,2046.22
3/13/18,2054.05
3/12/18,2056.9
3/9/18,2040.9
3/8/18,2036.8
3/7/18,2027.95
3/6/18,2030.17
3/5/18,2011.7
3/2/18,2005.08
3/1/18,2022.43
2/28/18,2051.73
2/27/18,2070.37
2/26/18,2076.3
2/23/18,2065.21
2/22/18,2057.74
2/21/18,2062.28
2/20/18,2065.53
2/19/18,2071.02
2/16/18,2075.67
2/15/18,2058.66
2/14/18,2033.83
2/13/18,2014.47
2/12/18,2011.28
2/9/18,1992.31
2/8/18,2022.67
2/7/18,2042.54
2/6/18,2020.89
2/5/18,2087.58
2/2/18,2123.82
2/1/18,2154.32
1/31/18,2153.05
1/30/18,2157.74
1/29/18,2171.22
1/26/18,2184.49
1/25/18,2186.65
1/24/18,2183.4
1/23/18,2176.09
1/22/18,2160.44
1/19/18,2152.4
1/18/18,2141.65
1/17/18,2144.21
1/16/18,2145.29
1/15/18,2146.48
1/12/18,2126.1
1/11/18,2113.12
1/10/18,2112.06
1/9/18,2105.12
1/8/18,2099.02
1/5/18,2100.91
1/4/18,2089.16
1/3/18,2058.54
1/2/18,2055.11
1/1/18,2050.85
12/29/17,2050.79
12/28/17,2043.31
12/27/17,2041.29
12/26/17,2034.63
12/25/17,2033.61
12/22/17,2032.7
12/21/17,2033.66
12/20/17,2028.64
12/19/17,2029.07
12/18/17,2037.85
12/15/17,2007.97
12/14/17,2016.52
12/13/17,2019.81
12/12/17,2016.22
12/11/17,2015.01
12/8/17,2005.31
12/7/17,1997.81
12/6/17,1994.17
12/5/17,2006.34
12/4/17,2010.79
12/1/17,2003.72
11/30/17,2020.13
11/29/17,2016.84
11/28/17,2014.71
11/27/17,2015.8
11/24/17,2022.86
11/23/17,2013.95
11/22/17,2005.56
11/21/17,1996.05
11/20/17,1988.09
11/17/17,1986.15
11/16/17,1985.58
11/15/17,1973.83
11/14/17,1984.63
11/13/17,1985.4
11/10/17,1999.57
11/9/17,2002.55
11/8/17,2012.9
11/7/17,2007.87
11/6/17,2006.92
11/3/17,2008.53
11/2/17,2013.79
11/1/17,2009.45
10/31/17,2002.54
10/30/17,1999.96
10/27/17,1990.66
10/26/17,1992.11
10/25/17,1991.22
10/24/17,1994.8
10/23/17,1996.72
10/20/17,1997.73
10/19/17,2005.96
10/18/17,2000.93
10/17/17,1996.16
10/16/17,2004.69
10/13/17,2004.05
10/12/17,1995.67
10/11/17,1992.53
10/10/17,1990.28
10/9/17,1976.31
10/6/17,1972.37
10/5/17,1973.69
10/4/17,1977.25
10/3/17,1977.9
10/2/17,1971.41
9/29/17,1973.81
9/28/17,1963.44
9/27/17,1953.51
9/26/17,1955.99
9/25/17,1970.22
9/22/17,1977.61
9/21/17,1969.26
9/20/17,1981.49
9/19/17,1978.24
9/18/17,1966.49
9/15/17,1964.3
9/14/17,1959.03
9/13/17,1965.15
9/12/17,1970.23
9/11/17,1965.49
9/8/17,1953.56
9/7/17,1948.88
9/6/17,1934.55
9/5/17,1933.12
9/4/17,1932.39
9/1/17,1938.37
8/31/17,1930.82
8/30/17,1918.77
8/29/17,1925.57
8/28/17,1930.96
8/25/17,1927.8
8/24/17,1919.54
8/23/17,1921.7
8/22/17,1920.7
8/21/17,1917.84
8/18/17,1916.68
8/17/17,1926.32
8/16/17,1926.26
8/15/17,1918.82
8/14/17,1924.36
8/11/17,1916.65
8/10/17,1927.41
8/9/17,1937.94
8/8/17,1948.24
8/7/17,1953.73
8/4/17,1947.62
8/3/17,1955.39
8/2/17,1952.51
8/1/17,1953.1
7/31/17,1936.91
7/28/17,1931.73
7/27/17,1936.45
7/26/17,1929.37
7/25/17,1925.72
7/24/17,1919.96
7/21/17,1927.65
7/20/17,1937.82
7/19/17,1926.13
7/18/17,1921.05
7/17/17,1920.25
7/14/17,1918.74
7/13/17,1904.89
7/12/17,1900.88
7/11/17,1878.38
7/10/17,1880.45
7/7/17,1874.1
7/6/17,1882.57
7/5/17,1883.6
7/4/17,1882.63
7/3/17,1887.67
6/30/17,1883.19
6/29/17,1895.75
6/28/17,1901.15
6/27/17,1892.88
6/26/17,1894.5
6/23/17,1889.23
6/22/17,1886.03
6/21/17,1882.65
6/20/17,1887.76
6/19/17,1901.8
6/16/17,1892.93
6/15/17,1877.04
6/14/17,1905.83
6/13/17,1895.77
6/12/17,1886.34
6/9/17,1892.97
6/8/17,1894.49
6/7/17,1903.87
6/6/17,1904.45
6/5/17,1911.41
6/2/17,1916.37
6/1/17,1894.62
5/31/17,1890.06
5/30/17,1883.32
5/29/17,1883.73
5/26/17,1885.37
5/25/17,1892.43
5/24/17,1887.64
5/23/17,1892.43
5/22/17,1893.34
5/19/17,1882.75
5/18/17,1868.75
5/17/17,1884.27
5/16/17,1889.46
5/15/17,1874.57
5/12/17,1867.96
5/11/17,1858.52
5/10/17,1862.79
5/9/17,1860.67
5/8/17,1866.94
5/5/17,1864.91
5/4/17,1853.24
5/3/17,1844.03
5/2/17,1846.51
5/1/17,1838.76
4/28/17,1833.7
4/27/17,1835.96
4/26/17,1839.04
4/25/17,1836.11
4/24/17,1825.77
4/21/17,1780.77
4/20/17,1783.67
4/19/17,1774.81
4/18/17,1774.47
4/17/17,1787.58
4/14/17,1777.63
4/13/17,1779.86
4/12/17,1785.4
4/11/17,1786.97
4/10/17,1780.17
4/7/17,1780.11
4/6/17,1780.44
4/5/17,1785.58
4/4/17,1786.67
4/3/17,1786.03
3/31/17,1792.98
3/30/17,1802.11
3/29/17,1802.03
3/28/17,1812.06
3/27/17,1797.84
3/24/17,1797.68
3/23/17,1793
3/22/17,1784.8
3/21/17,1800.33
3/20/17,1799.12
3/17/17,1798.96
3/16/17,1796.8
3/15/17,1768.55
3/14/17,1765.06
3/13/17,1772.27
3/10/17,1763.9
3/9/17,1747.85
3/8/17,1746.18
3/7/17,1752.68
3/6/17,1757.41
3/3/17,1757.25
3/2/17,1758.48
3/1/17,1760.15
2/28/17,1753.09
2/27/17,1749.63
2/24/17,1750.52
2/23/17,1764.17
2/22/17,1757.43
2/21/17,1753.95
2/20/17,1755.47
2/17/17,1754.94
2/16/17,1759.39
2/15/17,1749
2/14/17,1737.95
2/13/17,1749.06
2/10/17,1741.28
2/9/17,1734.2
2/8/17,1737.66
2/7/17,1727.46
2/6/17,1730.56
2/3/17,1741.84
2/2/17,1736.42
2/1/17,1734.66
1/31/17,1732.38
1/30/17,1730.4
1/27/17,1741.72
1/26/17,1739.53
1/25/17,1741.71
1/24/17,1725.34
1/23/17,1723.68
1/20/17,1719.58
1/19/17,1712.23
1/18/17,1725.01
1/17/17,1722.22
1/16/17,1716.6
1/13/17,1727.83
1/12/17,1722.24
1/11/17,1703.2
1/10/17,1714.76
1/9/17,1708.56
1/6/17,1713.87
1/5/17,1721.77
1/4/17,1698.87
1/3/17,1676.93
1/2/17,1688.97
12/30/16,1684
12/29/16,1675.3
12/28/16,1669.42
12/27/16,1672.29
12/26/16,1672.79
12/23/16,1674.56
12/22/16,1674.36
12/21/16,1674.08
12/20/16,1670.71
12/19/16,1674.45
12/16/16,1668.6
12/15/16,1664.36
12/14/16,1695.91
12/13/16,1698.42
12/12/16,1681.67
12/9/16,1677.89
12/8/16,1675.19
12/7/16,1672.71
12/6/16,1653.06
12/5/16,1637.16
12/2/16,1630.61
12/1/16,1630.99
11/30/16,1629.67
11/29/16,1631.61
11/28/16,1628.23
11/25/16,1634.44
11/24/16,1625.2
11/23/16,1615.72
11/22/16,1625.78
11/21/16,1625.14
11/18/16,1614.17
11/17/16,1632.66
11/16/16,1624.35
11/15/16,1629.81
11/14/16,1627.39
11/11/16,1640.05
11/10/16,1645.7
11/9/16,1636.07
11/8/16,1652.93
11/7/16,1647.75
11/4/16,1639.26
11/3/16,1652.61
11/2/16,1655.89
11/1/16,1665.31
10/31/16,1665.72
10/28/16,1665.62
10/27/16,1667.18
10/26/16,1672.41
10/25/16,1670.87
10/24/16,1672.93
10/21/16,1672.45
10/20/16,1679.83
10/19/16,1680.4
10/18/16,1673.8
10/17/16,1656.98
10/14/16,1664.72
10/13/16,1654.37
10/12/16,1662.27
10/11/16,1677.74
10/10/16,1693.31
10/7/16,1688.4
10/6/16,1694.91
10/5/16,1701.4
10/4/16,1704.84
10/3/16,1703.01
9/30/16,1701.69
9/29/16,1706.64
9/28/16,1698.9
9/27/16,1699.95
9/26/16,1701.61
9/23/16,1716.74
9/22/16,1728.08
9/21/16,1699.17
9/20/16,1681.39
9/19/16,1681.46
9/16/16,1664.77
9/15/16,1676.17
9/14/16,1672.74
9/13/16,1677.36
9/12/16,1689.24
9/9/16,1707.27
9/8/16,1732.92
9/7/16,1734.72
9/6/16,1729.51
9/5/16,1716.18
9/2/16,1709.97
9/1/16,1694.5
8/31/16,1685.57
8/30/16,1688.95
8/29/16,1688.25
8/26/16,1702.43
8/25/16,1702.17
8/24/16,1709.15
8/23/16,1711.62
8/22/16,1702.3
8/19/16,1699.76
8/18/16,1707.9
8/17/16,1701.33
8/16/16,1704.21
8/15/16,1710.74
8/12/16,1710.73
8/11/16,1708.32
8/10/16,1699.65
8/9/16,1694.98
8/8/16,1675
8/5/16,1665.32
8/4/16,1663.5
8/3/16,1653.5
8/2/16,1671.01
8/1/16,1682.28
7/29/16,1689.12
7/28/16,1658.16
7/27/16,1660.26
7/26/16,1655.44
7/25/16,1651.81
7/22/16,1650.2
7/21/16,1657.14
7/20/16,1653.6
7/19/16,1643.42
7/18/16,1652.81
7/15/16,1650.14
7/14/16,1654.42
7/13/16,1645.85
7/12/16,1636.87
7/11/16,1618.64
7/8/16,1592.1
7/7/16,1583.06
7/6/16,1573.3
7/5/16,1599.17
7/4/16,1619.46
7/1/16,1620.63
6/30/16,1608.45
6/29/16,1593.67
6/28/16,1546.73
6/27/16,1520.94
6/24/16,1567.26
6/23/16,1687.04
6/22/16,1661.48
6/21/16,1659.04
6/20/16,1653.19
6/17/16,1595.33
6/16/16,1568.83
6/15/16,1589.69
6/14/16,1576.22
6/13/16,1609.73
6/10/16,1640.92
6/9/16,1675.32
6/8/16,1697.11
6/7/16,1693.07
6/6/16,1676.98
6/3/16,1670.89
6/2/16,1652.98
6/1/16,1659.87
5/31/16,1667.84
5/30/16,1671.49
5/27/16,1668.76
5/26/16,1669.84
5/25/16,1661.57
5/24/16,1642.3
5/23/16,1628.84
5/20/16,1634.29
5/19/16,1619.49
5/18/16,1643.41
5/17/16,1644.07
5/16/16,1637.84
5/13/16,1631.71
5/12/16,1645.55
5/11/16,1654.77
5/10/16,1654.61
5/9/16,1638.21
5/6/16,1639.22
5/5/16,1641.61
5/4/16,1647.99
5/3/16,1668.64
5/2/16,1686.62
4/29/16,1693.18
4/28/16,1698.26
4/27/16,1698.01
4/26/16,1701.75
4/25/16,1699.75
4/22/16,1703.27
4/21/16,1716.51
4/20/16,1715.02
4/19/16,1712.19
4/18/16,1676.85
4/15/16,1682.11
4/14/16,1682.93
4/13/16,1666.61
4/12/16,1636.94
4/11/16,1632.04
4/8/16,1625.36
4/7/16,1607.81
4/6/16,1606.58
4/5/16,1595.94
4/4/16,1627.24
4/1/16,1616.23
3/31/16,1652.04
3/30/16,1660.68
3/29/16,1629.63
3/28/16,1631.5
3/25/16,1623.43
3/24/16,1619.41
3/23/16,1642.18
3/22/16,1654.79
3/21/16,1652.93
3/18/16,1660.5
3/17/16,1663.75
3/16/16,1628.64
3/15/16,1637.93
3/14/16,1652.88
3/11/16,1644.94
3/10/16,1612.15
3/9/16,1614.98
3/8/16,1616.48
3/7/16,1622.66
3/4/16,1628.83
3/3/16,1611.7
3/2/16,1595.68
3/1/16,1572.37
2/29/16,1558.17
2/26/16,1558.08
2/25/16,1554.15
2/24/16,1532.65
2/23/16,1559.57
2/22/16,1573.09
2/19/16,1557.03
2/18/16,1568.71
2/17/16,1559.44
2/16/16,1539.74
2/15/16,1538.97
2/12/16,1492.43
2/11/16,1495.39
2/10/16,1512.3
2/9/16,1515.44
2/8/16,1538.65
2/5/16,1566.75
2/4/16,1584.26
2/3/16,1570.57
2/2/16,1580.86
2/1/16,1604.89
1/29/16,1591.46
1/28/16,1574.55
1/27/16,1585.31
1/26/16,1570.14
1/25/16,1568.5
1/22/16,1568.31
1/21/16,1518.55
1/20/16,1517.92
1/19/16,1565.21
1/18/16,1547.87
1/15/16,1565.24
1/14/16,1583.71
1/13/16,1611.86
1/12/16,1593.45
1/11/16,1600.97
1/8/16,1610.75
1/7/16,1622.58
1/6/16,1649.95
1/5/16,1666.74
1/4/16,1671.89
1/1/16,1716.28
12/31/15,1716.28
12/30/15,1727.47
12/29/15,1731.54
12/28/15,1717.89
12/25/15,1719.66
12/24/15,1721.54
12/23/15,1710.79
12/22/15,1689.25
12/21/15,1682.53
12/18/15,1687.21
12/17/15,1699.97
12/16/15,1693.54
12/15/15,1674.35
12/14/15,1665.74
12/11/15,1690.15
12/10/15,1705.53
12/9/15,1713.39
12/8/15,1709.78
12/7/15,1734.43
12/4/15,1731.7
12/3/15,1740.66
12/2/15,1748.11
12/1/15,1753.86
11/30/15,1741.01
11/27/15,1746.06
11/26/15,1755.96
11/25/15,1740.07
11/24/15,1734.05
11/23/15,1743.74
11/20/15,1754.65
11/19/15,1757.35
11/18/15,1731.12
11/17/15,1733.61
11/16/15,1706.61
11/13/15,1712.18
11/12/15,1728.63
11/11/15,1743.29
11/10/15,1729.29
11/9/15,1735.72
11/6/15,1743.48
11/5/15,1758.31
11/4/15,1761.35
11/3/15,1761.3
11/2/15,1763.33
10/30/15,1771.66
10/29/15,1759.41
10/28/15,1776.71
10/27/15,1764.2
10/26/15,1779.25
10/23/15,1777.37
10/22/15,1759.62
10/21/15,1758.67
10/20/15,1751.2
10/19/15,1754.61
10/16/15,1763.18
10/15/15,1753.89
10/14/15,1731.71
10/13/15,1741.44
10/12/15,1758.07
10/9/15,1758.17
10/8/15,1733.56
10/7/15,1729.51
10/6/15,1719.73
10/5/15,1702.14
10/2/15,1668.87
10/1/15,1654.98
9/30/15,1644.4
9/29/15,1609.5
9/28/15,1638.09
9/25/15,1660.74
9/24/15,1639.29
9/23/15,1654.31
9/22/15,1658.34
9/21/15,1698.97
9/18/15,1713.96
9/17/15,1731.97
9/16/15,1728.45
9/15/15,1701.52
9/14/15,1697.79
9/11/15,1704.82
9/10/15,1710.23
9/9/15,1730.59
9/8/15,1691.38
9/7/15,1679.57
9/4/15,1671.12
9/3/15,1704.05
9/2/15,1689.9
9/1/15,1694.6
8/31/15,1736.81
8/28/15,1747.84
8/27/15,1731.13
8/26/15,1706.17
8/25/15,1714.3
8/24/15,1696.81
8/21/15,1756.65
8/20/15,1795.2
8/19/15,1811.33
8/18/15,1835.21
8/17/15,1840.93
8/14/15,1840.94
8/13/15,1845.58
8/12/15,1842.68
8/11/15,1865.51
8/10/15,1883.89
8/7/15,1868.64
8/6/15,1875.28
8/5/15,1878.5
8/4/15,1876.74
8/3/15,1877.37
7/31/15,1879.75
7/30/15,1858.97
7/29/15,1861.95
7/28/15,1848.58
7/27/15,1846.85
7/24/15,1861.03
7/23/15,1877.14
7/22/15,1872.35
7/21/15,1894.42
7/20/15,1893.38
7/17/15,1889.53
7/16/15,1893.99
7/15/15,1878.51
7/14/15,1877.93
7/13/15,1862.96
7/10/15,1851.94
7/9/15,1816.19
7/8/15,1791.73
7/7/15,1792.57
7/6/15,1819.88
7/3/15,1848.42
7/2/15,1856.46
7/1/15,1856.1
6/30/15,1842.46
6/29/15,1855.33
6/26/15,1898.82
6/25/15,1910.1
6/24/15,1913.5
6/23/15,1919.64
6/22/15,1922.7
6/19/15,1882.91
6/18/15,1881.39
6/17/15,1860.35
6/16/15,1870.17
6/15/15,1867.94
6/12/15,1890.67
6/11/15,1895.53
6/10/15,1892.67
6/9/15,1858.46
6/8/15,1863.69
6/5/15,1865.8
6/4/15,1903.57
6/3/15,1917.15
6/2/15,1903.56
6/1/15,1891.21
5/29/15,1898.98
5/28/15,1913.47
5/27/15,1915.7
5/26/15,1906.44
5/25/15,1936.32
5/22/15,1935.25
5/21/15,1948.41
5/20/15,1938.4
5/19/15,1936.2
5/18/15,1946.75
5/15/15,1949.49
5/14/15,1942.47
5/13/15,1935.97
5/12/15,1920.31
5/11/15,1923.63
5/8/15,1925.44
5/7/15,1893.01
5/6/15,1911.03
5/5/15,1899.83
5/4/15,1913.44
5/1/15,1913.01
4/30/15,1918.4
4/29/15,1933.97
4/28/15,1945.58
4/27/15,1948.2
4/24/15,1931.94
4/23/15,1916.35
4/22/15,1910.67
4/21/15,1911.14
4/20/15,1897.83
4/17/15,1896.06
4/16/15,1912.32
4/15/15,1904.4
4/14/15,1909.49
4/13/15,1894.35
4/10/15,1901.28
4/9/15,1895.75
4/8/15,1893.81
4/7/15,1895.36
4/6/15,1890.81
4/3/15,1872.87
4/2/15,1870.36
4/1/15,1851.87
3/31/15,1849.34
3/30/15,1871.18
3/27/15,1869.83
3/26/15,1874.56
3/25/15,1900.12
3/24/15,1900.9
3/23/15,1900.84
3/20/15,1887.31
3/19/15,1851.01
3/18/15,1845.08
3/17/15,1831.17
3/16/15,1832.5
3/13/15,1815.84
3/12/15,1821.87
3/11/15,1807.92
3/10/15,1807.49
3/9/15,1838.61
3/6/15,1848.59
3/5/15,1865.56
3/4/15,1862.02
3/3/15,1870.03
3/2/15,1879.48
2/27/15,1886.26
2/26/15,1880.83
2/25/15,1884.08
2/24/15,1880.66
2/23/15,1874.42
2/20/15,1866.73
2/19/15,1863.88
2/18/15,1854.76
2/17/15,1841.54
2/16/15,1841.77
2/13/15,1839.35
2/12/15,1822.82
2/11/15,1798.26
2/10/15,1808.94
2/9/15,1805.67
2/6/15,1812.12
2/5/15,1820.75
2/4/15,1818.96
2/3/15,1805.81
2/2/15,1791.11
1/30/15,1782.7
1/29/15,1792.03
1/28/15,1802.63
1/27/15,1807.62
1/26/15,1792.5
1/23/15,1787.71
1/22/15,1780.11
1/21/15,1778.67
1/20/15,1767.6
1/19/15,1760.33
1/16/15,1741.9
1/15/15,1744.97
1/14/15,1727.98
1/13/15,1745.96
1/12/15,1734.47
1/9/15,1729.52
1/8/15,1733.84
1/7/15,1697.01
1/6/15,1705.93
1/5/15,1726.41
1/2/15,1762.42
1/1/15,1774.91
12/31/14,1774.89
12/30/14,1778.04
12/29/14,1793.46
12/26/14,1789.92
12/25/14,1789.4
12/24/14,1790.61
12/23/14,1784.58
12/22/14,1789.81
12/19/14,1782.04
12/18/14,1767.33
12/17/14,1740.95
12/16/14,1752.52
12/15/14,1729.49
12/12/14,1767.09
12/11/14,1787.39
12/10/14,1797.34
12/9/14,1811.38
12/8/14,1824.74
12/5/14,1832.11
12/4/14,1830.28
12/3/14,1831.41
12/2/14,1834.33
12/1/14,1834.49
11/28/14,1839.73
11/27/14,1842.63
11/26/14,1848.79
11/25/14,1842.26
11/24/14,1832.96
11/21/14,1831.2
11/20/14,1815.14
11/19/14,1820.89
11/18/14,1826.15
11/17/14,1805.14
11/14/14,1813.19
11/13/14,1812.6
11/12/14,1808.76
11/11/14,1814.16
11/10/14,1810.5
11/7/14,1798.65
11/6/14,1804.1
11/5/14,1811.71
11/4/14,1805.73
11/3/14,1795.74
10/31/14,1818.35
10/30/14,1798.61
10/29/14,1805.63
10/28/14,1795.37
10/27/14,1781.35
10/24/14,1778.62
10/23/14,1776.57
10/22/14,1775.06
10/21/14,1763.08
10/20/14,1747.88
10/17/14,1737.51
10/16/14,1714.64
10/15/14,1726.59
10/14/14,1746.9
10/13/14,1755.84
10/10/14,1748.97
10/9/14,1786.21
10/8/14,1787.01
10/7/14,1798.85
10/6/14,1807.95
10/3/14,1792.34
10/2/14,1799.52
10/1/14,1830.55
9/30/14,1846.08
9/29/14,1848.19
9/26/14,1856.03
9/25/14,1866.41
9/24/14,1877.13
9/23/14,1876.31
9/22/14,1888.37
9/19/14,1901
9/18/14,1903.37
9/17/14,1895.61
9/16/14,1892.01
9/15/14,1897.3
9/12/14,1900.57
9/11/14,1903.85
9/10/14,1903.36
9/9/14,1905.6
9/8/14,1917.13
9/5/14,1925.58
9/4/14,1932.59
9/3/14,1937.3
9/2/14,1923.36
9/1/14,1924
8/29/14,1924.62
8/28/14,1922.93
8/27/14,1936.08
8/26/14,1933.4
8/25/14,1925.99
8/22/14,1913.58
8/21/14,1924.4
8/20/14,1915.17
8/19/14,1919.99
8/18/14,1913.59
8/15/14,1900.52
8/14/14,1904.96
8/13/14,1897.81
8/12/14,1889.77
8/11/14,1891.55
8/8/14,1870.16
8/7/14,1883.08
8/6/14,1890.97
8/5/14,1905.08
8/4/14,1912.21
8/1/14,1918.14
7/31/14,1932.66
7/30/14,1949.32
7/29/14,1960.95
7/28/14,1959.79
7/25/14,1960
7/24/14,1969.28
7/23/14,1964.86
7/22/14,1961.82
7/21/14,1946.79
7/18/14,1951.72
7/17/14,1954.86
7/16/14,1968.84
7/15/14,1954
7/14/14,1962.21
7/11/14,1945.31
7/10/14,1943.93
7/9/14,1963.23
7/8/14,1964.55
7/7/14,1981.35
7/4/14,1993.2
7/3/14,1995.49
7/2/14,1990.23
7/1/14,1986.04
6/30/14,1972.12
6/27/14,1966.2
6/26/14,1963.27
6/25/14,1963.74
6/24/14,1976.09
6/23/14,1980
6/20/14,1983.81
6/19/14,1992.69
6/18/14,1967.26
6/17/14,1962.86
6/16/14,1963.72
6/13/14,1967.38
6/12/14,1971.83
6/11/14,1969.74
6/10/14,1973.02
6/9/14,1974.15
6/6/14,1973.22
6/5/14,1961.57
6/4/14,1956.66
6/3/14,1956.49
6/2/14,1960.05
5/30/14,1956.61
5/29/14,1955.68
5/28/14,1950.03
5/27/14,1950.82
5/26/14,1952.65
5/23/14,1938.56
5/22/14,1934.6
5/21/14,1925.9
5/20/14,1924.1
5/19/14,1928.63
5/16/14,1933.3
5/15/14,1937.72
5/14/14,1948.13
5/13/14,1944.89
5/12/14,1937.35
5/9/14,1931.84
5/8/14,1944.74
5/7/14,1931.81
5/6/14,1944.72
5/5/14,1939.04
5/2/14,1941.23
5/1/14,1943.58
4/30/14,1936.67
4/29/14,1930.98
4/28/14,1918.51
4/25/14,1920.47
4/24/14,1927.38
4/23/14,1926.31
4/22/14,1927
4/21/14,1912.14
4/18/14,1916.29
4/17/14,1914.1
4/16/14,1904.98
4/15/14,1882.24
4/14/14,1892.48
4/11/14,1896.21
4/10/14,1919.8
4/9/14,1918.08
4/8/14,1914.95
4/7/14,1914.93
4/4/14,1932.01
4/3/14,1924.32
4/2/14,1926.03
4/1/14,1923.44
3/31/14,1915.69
3/28/14,1904.13
3/27/14,1892.86
3/26/14,1892.99
3/25/14,1877.71
3/24/14,1861.84
3/21/14,1868.31
3/20/14,1864.01
3/19/14,1888.12
3/18/14,1890.8
3/17/14,1878.4
3/14/14,1867.14
3/13/14,1889.43
3/12/14,1898.2
3/11/14,1917.99
3/10/14,1916.73
3/7/14,1927.45
3/6/14,1940.23
3/5/14,1925.66
3/4/14,1922.69
3/3/14,1898.87
2/28/14,1935.88
2/27/14,1923.34
2/26/14,1925.86
2/25/14,1938.47
2/24/14,1931.44
2/21/14,1924.84
2/20/14,1908.55
2/19/14,1921.95
2/18/14,1920.57
2/17/14,1905.91
2/14/14,1896.46
2/13/14,1889.48
2/12/14,1890.26
2/11/14,1882.74
2/10/14,1861.55
2/7/14,1851.35
2/6/14,1832.15
2/5/14,1807.92
2/4/14,1796.86
2/3/14,1820.39
1/31/14,1837.64
1/30/14,1847.18
1/29/14,1864.69
1/28/14,1860.91
1/27/14,1858.23
1/24/14,1881.51
1/23/14,1916.36
1/22/14,1923.41
1/21/14,1918.62
1/20/14,1918.19
1/17/14,1919.9
1/16/14,1916.4
1/15/14,1916.3
1/14/14,1907.23
1/13/14,1915.64
1/10/14,1910.51
1/9/14,1892.69
1/8/14,1903.06
1/7/14,1895.14
1/6/14,1893.19
1/3/14,1898.6
1/2/14,1894.74
1/1/14,1915.68
12/31/13,1915.6
12/30/13,1913.5
12/27/13,1908
12/26/13,1885.14
12/25/13,1878.24
12/24/13,1878.03
12/23/13,1879.33
12/20/13,1864.94
12/19/13,1855.14
12/18/13,1840.49
12/17/13,1823.09
12/16/13,1830.96
12/13/13,1818.48
12/12/13,1822.54
12/11/13,1845.33
12/10/13,1853.82
12/9/13,1856.68
12/6/13,1847.54
12/5/13,1836.93
12/4/13,1842.54
12/3/13,1862.71
12/2/13,1875.64
11/29/13,1888.91
11/28/13,1888.51
11/27/13,1877.31
11/26/13,1874.73
11/25/13,1879.2
11/22/13,1873.54
11/21/13,1866.28
11/20/13,1871.98
11/19/13,1877.38
11/18/13,1888.72
11/15/13,1874.48
11/14/13,1862.3
11/13/13,1842.64
11/12/13,1855.44
11/11/13,1855.51
11/8/13,1844.62
11/7/13,1854.72
11/6/13,1873.7
11/5/13,1860.85
11/4/13,1865.75
11/1/13,1858.53
10/31/13,1878.39
10/30/13,1893.68
10/29/13,1888.38
10/28/13,1890.6
10/25/13,1886.29
10/24/13,1896.55
10/23/13,1887.57
10/22/13,1899.35
10/21/13,1882.4
10/18/13,1878.47
10/17/13,1863.81
10/16/13,1836.93
10/15/13,1836.02
10/14/13,1832.77
10/11/13,1827.93
10/10/13,1810.82
10/9/13,1790.27
10/8/13,1799.6
10/7/13,1805.05
10/4/13,1816.7
10/3/13,1820.63
10/2/13,1821.43
10/1/13,1826.24
9/30/13,1818.23
9/27/13,1835.85
9/26/13,1832.08
9/25/13,1832
9/24/13,1831.2
9/23/13,1832.66
9/20/13,1836.59
9/19/13,1844.39
9/18/13,1809.86
9/17/13,1798.85
9/16/13,1808.12
9/13/13,1786.5
9/12/13,1790.3
9/11/13,1788.95
9/10/13,1778.49
9/9/13,1758.15
9/6/13,1744.1
9/5/13,1733.05
9/4/13,1733.43
9/3/13,1724.03
9/2/13,1720.73
8/30/13,1697.34
8/29/13,1711.89
8/28/13,1714.91
8/27/13,1734.12
8/26/13,1751.41
8/23/13,1754.53
8/22/13,1735.38
8/21/13,1732.71
8/20/13,1748.06
8/19/13,1759.84
8/16/13,1765.47
8/15/13,1756.62
8/14/13,1776.7
8/13/13,1765.24
8/12/13,1762.25
8/9/13,1768.14
8/8/13,1763.83
8/7/13,1752.15
8/6/13,1766.07
8/5/13,1757.49
8/2/13,1763.27
8/1/13,1741.75
7/31/13,1724.75
7/30/13,1729.84
7/29/13,1725.63
7/26/13,1738.76
7/25/13,1744.1
7/24/13,1753.91
7/23/13,1748.18
7/22/13,1746.8
7/19/13,1733.47
7/18/13,1731.42
7/17/13,1722.93
7/16/13,1721.85
7/15/13,1714.2
7/12/13,1711.14
7/11/13,1713.35
7/10/13,1683.24
7/9/13,1670.9
7/8/13,1658.53
7/5/13,1648.01
7/4/13,1665.87
7/3/13,1645.23
7/2/13,1658.93
7/1/13,1656
6/28/13,1638.94
6/27/13,1637.32
6/26/13,1622.63
6/25/13,1607.83
6/24/13,1598.66
6/21/13,1625.85
6/20/13,1636.93
6/19/13,1716.18
6/18/13,1706.87
6/17/13,1707.9
6/14/13,1689.43
6/13/13,1676.65
6/12/13,1693.38
6/11/13,1689.42
6/10/13,1691.01
6/7/13,1682.78
6/6/13,1669.61
6/5/13,1678.04
6/4/13,1707.72
6/3/13,1693.12
5/31/13,1702.25
5/30/13,1723.19
5/29/13,1727.02
5/28/13,1731.77
5/27/13,1724.32
5/24/13,1733.46
5/23/13,1734.35
5/22/13,1780.48
5/21/13,1781.84
5/20/13,1781.14
5/17/13,1763.95
5/16/13,1772.81
5/15/13,1770
5/14/13,1765.77
5/13/13,1764.17
5/10/13,1758.89
5/9/13,1767.32
5/8/13,1780.51
5/7/13,1759.69
5/6/13,1743.72
5/3/13,1749.86
5/2/13,1737.37
5/1/13,1749.92
4/30/13,1753.61
4/29/13,1741.77
4/26/13,1729.64
4/25/13,1728.51
4/24/13,1715.59
4/23/13,1699.02
4/22/13,1674.57
4/19/13,1671.23
4/18/13,1667.67
4/17/13,1674.11
4/16/13,1690.78
4/15/13,1701.15
4/12/13,1715.09
4/11/13,1724.04
4/10/13,1702.84
4/9/13,1676.02
4/8/13,1667.68
4/5/13,1660.8
4/4/13,1659.21
4/3/13,1675.97
4/2/13,1677.02
4/1/13,1666.87
3/29/13,1674.3
3/28/13,1674.6
3/27/13,1668.52
3/26/13,1677.95
3/25/13,1679.37
3/22/13,1686.72
3/21/13,1686.39
3/20/13,1689.37
3/19/13,1683.64
3/18/13,1688.95
3/15/13,1713.66
3/14/13,1699.43
3/13/13,1683.61
3/12/13,1693.58
3/11/13,1693.35
3/8/13,1683.2
3/7/13,1682.67
3/6/13,1679.51
3/5/13,1677.2
3/4/13,1654.93
3/1/13,1654.34
2/28/13,1667.8
2/27/13,1651.11
2/26/13,1641.42
2/25/13,1668.34
2/22/13,1659.78
2/21/13,1650.26
2/20/13,1684.99
2/19/13,1684.06
2/18/13,1668.53
2/15/13,1663.46
2/14/13,1672.63
2/13/13,1679.74
2/12/13,1680.86
2/11/13,1662.5
2/8/13,1672.67
2/7/13,1661.1
2/6/13,1674.7
2/5/13,1667.39
2/4/13,1674.11
2/1/13,1697.38
1/31/13,1687.33
1/30/13,1692.54
1/29/13,1687.51
1/28/13,1676.66
1/25/13,1679.88
1/24/13,1664.41
1/23/13,1655.99
1/22/13,1658.93
1/21/13,1657.54
1/18/13,1654.54
1/17/13,1655.22
1/16/13,1647.4
1/15/13,1656.96
1/14/13,1653.27
1/11/13,1655.98
1/10/13,1647.16
1/9/13,1631.57
1/8/13,1624.48
1/7/13,1631.24
1/4/13,1633.07
1/3/13,1628.1
1/2/13,1631.65
1/1/13,1604.15
12/31/12,1604
12/28/12,1605.82
12/27/12,1609.75
12/26/12,1606.83
12/25/12,1605.22
12/24/12,1603.24
12/21/12,1606.33
12/20/12,1616.95
12/19/12,1618.92
12/18/12,1602.48
12/17/12,1590.55
12/14/12,1586.21
12/13/12,1583.77
12/12/12,1583.38
12/11/12,1578.37
12/10/12,1569.32
12/7/12,1568.05
12/6/12,1569.46
12/5/12,1566.06
12/4/12,1565.76
12/3/12,1562.97
11/30/12,1555.73
11/29/12,1554.47
11/28/12,1534.05
11/27/12,1537.38
11/26/12,1535.74
11/23/12,1537.31
11/22/12,1523.65
11/21/12,1507.01
11/20/12,1503.97
11/19/12,1503.99
11/16/12,1467.33
11/15/12,1479.42
11/14/12,1483.73
11/13/12,1495.13
11/12/12,1493.24
11/9/12,1498.43
11/8/12,1503.15
11/7/12,1513.29
11/6/12,1527.31
11/5/12,1520.61
11/2/12,1530.97
11/1/12,1531.52
10/31/12,1522.23
10/30/12,1525.59
10/29/12,1512.14
10/26/12,1521.02
10/25/12,1525.61
10/24/12,1521.24
10/23/12,1518.68
10/22/12,1546.46
10/19/12,1550.49
10/18/12,1563.65
10/17/12,1559.46
10/16/12,1540.41
10/15/12,1515.87
10/12/12,1512.69
10/11/12,1513.77
10/10/12,1505.03
10/9/12,1514.99
10/8/12,1528.76
10/5/12,1544.98
10/4/12,1529.15
10/3/12,1517.52
10/2/12,1524.9
10/1/12,1524.83
9/28/12,1510.76
9/27/12,1526.25
9/26/12,1516.99
9/25/12,1553.91
9/24/12,1544.78
9/21/12,1556.06
9/20/12,1545.77
9/19/12,1562.79
9/18/12,1552.9
9/17/12,1563.51
9/14/12,1569.91
9/13/12,1531.29
9/12/12,1529.43
9/11/12,1519.27
9/10/12,1510.71
9/7/12,1514
9/6/12,1484.75
9/5/12,1459.7
9/4/12,1461.69
9/3/12,1476.95
8/31/12,1472.51
8/30/12,1463.96
8/29/12,1478.01
8/28/12,1482.19
8/27/12,1487.78
8/24/12,1484.79
8/23/12,1495.65
8/22/12,1486.65
8/21/12,1501.46
8/20/12,1485.61
8/17/12,1486.39
8/16/12,1483.6
8/15/12,1469.5
8/14/12,1475.38
8/13/12,1472.25
8/10/12,1474.23
8/9/12,1477.82
8/8/12,1475.64
8/7/12,1476.53
8/6/12,1466.27
8/3/12,1447.88
8/2/12,1417.45
8/1/12,1438.1
7/31/12,1438.57
7/30/12,1437.95
7/27/12,1426.25
7/26/12,1402.63
7/25/12,1363.52
7/24/12,1366.68
7/23/12,1373.74
7/20/12,1408.83
7/19/12,1434.68
7/18/12,1417.29
7/17/12,1403
7/16/12,1407.06
7/13/12,1402.86
7/12/12,1385.21
7/11/12,1405.58
7/10/12,1405.56
7/9/12,1403.07
7/6/12,1413.83
7/5/12,1429.12
7/4/12,1440.74
7/3/12,1445.28
7/2/12,1431.87
6/29/12,1423.38
6/28/12,1373.62
6/27/12,1373.42
6/26/12,1358.99
6/25/12,1362.37
6/22/12,1379.85
6/21/12,1396.21
6/20/12,1411.88
6/19/12,1400.77
6/18/12,1380.42
6/15/12,1375.59
6/14/12,1360.75
6/13/12,1363.06
6/12/12,1355.34
6/11/12,1355.92
6/8/12,1344.48
6/7/12,1361.94
6/6/12,1341.84
6/5/12,1314.44
6/4/12,1308.01
6/1/12,1312.34
5/31/12,1332.89
5/30/12,1339
5/29/12,1365.02
5/28/12,1354.37
5/25/12,1350.38
5/24/12,1354.4
5/23/12,1345.65
5/22/12,1384.17
5/21/12,1364.43
5/18/12,1356.9
5/17/12,1378.79
5/16/12,1385.67
5/15/12,1402.7
5/14/12,1418.66
5/11/12,1444.52
5/10/12,1446.19
5/9/12,1440.42
5/8/12,1454.15
5/7/12,1471.98
5/4/12,1483.87
5/3/12,1503.67
5/2/12,1504.56
5/1/12,1512.74
4/30/12,1516.21
4/27/12,1521.38
4/26/12,1513.11
4/25/12,1504.32
4/24/12,1494.9
4/23/12,1481.26
4/20/12,1511.15
4/19/12,1502.34
4/18/12,1508.23
4/17/12,1509.39
4/16/12,1486.07
4/13/12,1488.02
4/12/12,1506.27
4/11/12,1486.73
4/10/12,1481.99
4/9/12,1505.19
4/6/12,1506.03
4/5/12,1509.02
4/4/12,1512.53
4/3/12,1559.16
4/2/12,1570.08
3/30/12,1553.46
3/29/12,1542.83
3/28/12,1558.22
3/27/12,1573.84
3/26/12,1569.73
3/23/12,1556.76
3/22/12,1553.81
3/21/12,1559.97
3/20/12,1569.05
3/19/12,1586.11
3/16/12,1581
3/15/12,1565.87
3/14/12,1553.96
3/13/12,1556.73
3/12/12,1540.16
3/9/12,1544.13
3/8/12,1548.16
3/7/12,1515.1
3/6/12,1513.86
3/5/12,1554.08
3/2/12,1561.54
3/1/12,1570.58
2/29/12,1567.67
2/28/12,1571.22
2/27/12,1565.16
2/24/12,1573.82
2/23/12,1559.01
2/22/12,1553.17
2/21/12,1563.57
2/20/12,1571.27
2/17/12,1548.44
2/16/12,1530.02
2/15/12,1537.05
2/14/12,1526.16
2/13/12,1538.87
2/10/12,1524.97
2/9/12,1549.8
2/8/12,1544.48
2/7/12,1540.09
2/6/12,1529.55
2/3/12,1529.46
2/2/12,1518.58
2/1/12,1514.86
1/31/12,1486.74
1/30/12,1480.91
1/27/12,1495.58
1/26/12,1505.67
1/25/12,1475.53
1/24/12,1476.25
1/23/12,1487.63
1/20/12,1472.05
1/19/12,1464.78
1/18/12,1445
1/17/12,1437.05
1/16/12,1417.89
1/13/12,1415.22
1/12/12,1423.02
1/11/12,1419.33
1/10/12,1428.96
1/9/12,1405.1
1/6/12,1406.71
1/5/12,1416.47
1/4/12,1439.89
1/3/12,1446.64
1/2/12,1422.4
12/30/11,1412.55
12/29/11,1393.45
12/28/11,1386.64
12/27/11,1405.36
12/26/11,1403.33
12/23/11,1401.6
12/22/11,1393.43
12/21/11,1384.81
12/20/11,1387.78
12/19/11,1360.97
12/16/11,1370.78
12/15/11,1368.46
12/14/11,1363.55
12/13/11,1396.1
12/12/11,1404.67
12/9/11,1428.19
12/8/11,1421.67
12/7/11,1444.37
12/6/11,1438.59
12/5/11,1455.3
12/2/11,1441.07
12/1/11,1431.7
11/30/11,1427.27
11/29/11,1381.76
11/28/11,1366.44
11/25/11,1321.23
11/24/11,1322.57
11/23/11,1329.58
11/22/11,1356.86
11/21/11,1361.13
11/18/11,1400.49
11/17/11,1413.57
11/16/11,1426.06
11/15/11,1430.99
11/14/11,1448.02
11/11/11,1460.88
11/10/11,1423.78
11/9/11,1441.39
11/8/11,1468.93
11/7/11,1460.06
11/4/11,1466.29
11/3/11,1464.76
11/2/11,1451.28
11/1/11,1440.44
10/31/11,1505
10/28/11,1560.85
10/27/11,1553.31
10/26/11,1477.82
10/25/11,1484.08
10/24/11,1491.03
10/21/11,1468.8
10/20/11,1427.6
10/19/11,1456
10/18/11,1439.42
10/17/11,1459.17
10/14/11,1463.69
10/13/11,1449.68
10/12/11,1460.25
10/11/11,1434.51
10/10/11,1430.84
10/7/11,1400.85
10/6/11,1379.96
10/5/11,1336.85
10/4/11,1310.15
10/3/11,1343.2
9/30/11,1373.33
9/29/11,1402.75
9/28/11,1394.51
9/27/11,1405.75
9/26/11,1341.16
9/23/11,1338.48
9/22/11,1331.35
9/21/11,1403.16
9/20/11,1418.97
9/19/11,1400.5
9/16/11,1436.62
9/15/11,1425.29
9/14/11,1387.46
9/13/11,1381.44
9/12/11,1364.68
9/9/11,1405.87
9/8/11,1453.64
9/7/11,1447
9/6/11,1408.57
9/5/11,1428.45
9/2/11,1488.02
9/1/11,1521.62
8/31/11,1523.58
8/30/11,1491.72
8/29/11,1482.51
8/26/11,1455.41
8/25/11,1457.04
8/24/11,1469.71
8/23/11,1461.26
8/22/11,1444.74
8/19/11,1446.14
8/18/11,1465.9
8/17/11,1530.55
8/16/11,1521.92
8/15/11,1526.62
8/12/11,1498.56
8/11/11,1466.85
8/10/11,1442.47
8/9/11,1471.04
8/8/11,1462.29
8/5/11,1513.23
8/4/11,1547.43
8/3/11,1606.71
8/2/11,1635.03
8/1/11,1663.45
7/29/11,1679.84
7/28/11,1684.27
7/27/11,1696.67
7/26/11,1719.24
7/25/11,1706.03
7/22/11,1717.06
7/21/11,1704.67
7/20/11,1676.06
7/19/11,1654.3
7/18/11,1633.16
7/15/11,1661.14
7/14/11,1666.87
7/13/11,1679.7
7/12/11,1652.04
7/11/11,1665.71