Date,MSCIEM
10/7/22,897.74
10/6/22,910.57
10/5/22,909.52
10/4/22,893.65
10/3/22,876.15
9/30/22,875.79
9/29/22,873.29
9/28/22,875.85
9/27/22,891.89
9/26/22,888.58
9/23/22,905.84
9/22/22,922.61
9/21/22,932.08
9/20/22,946.17
9/19/22,938.53
9/16/22,944.12
9/15/22,958.58
9/14/22,962.55
9/13/22,979.91
9/12/22,979.05
9/9/22,970.29
9/8/22,957.22
9/7/22,956.51
9/6/22,965.24
9/5/22,967.8
9/2/22,972.02
9/1/22,976.14
8/31/22,994.11
8/30/22,992.76
8/29/22,991.65
8/26/22,1006.5
8/25/22,1003.44
8/24/22,985.13
8/23/22,989.54
8/22/22,991.9
8/19/22,1001.46
8/18/22,1009.58
8/17/22,1015.59
8/16/22,1014.22
8/15/22,1015
8/12/22,1016.83
8/11/22,1014.29
8/10/22,997.2
8/9/22,1001.69
8/8/22,1001.79
8/5/22,1002.87
8/4/22,994.59
8/3/22,985.81
8/2/22,984.32
8/1/22,995.04
7/29/22,993.78
7/28/22,997.61
7/27/22,989.89
7/26/22,989.92
7/25/22,987.08
7/22/22,990.37
7/21/22,990.69
7/20/22,986.56
7/19/22,979.94
7/18/22,980.52
7/15/22,961.85
7/14/22,965.45
7/13/22,970.46
7/12/22,967.31
7/11/22,981.15
7/8/22,999.57
7/7/22,994.34
7/6/22,981.01
7/5/22,991.47
7/4/22,992.8
7/1/22,992.84
6/30/22,1000.67
6/29/22,1013.2
6/28/22,1030.07
6/27/22,1027.55
6/24/22,1011.18
6/23/22,995.34
6/22/22,993.59
6/21/22,1016.98
6/20/22,1000.42
6/17/22,1004.63
6/16/22,1008.11
6/15/22,1020.1
6/14/22,1017.87
6/13/22,1016.46
6/10/22,1054.64
6/9/22,1067.15
6/8/22,1073.74
6/7/22,1061.02
6/6/22,1071.33
6/3/22,1060.74
6/2/22,1061.44
6/1/22,1067.86
5/31/22,1077.67
5/30/22,1065.09
5/27/22,1043.17
5/26/22,1022.96
5/25/22,1019.59
5/24/22,1016.99
5/23/22,1034.51
5/20/22,1035.31
5/19/22,1014.89
5/18/22,1033.18
5/17/22,1030.83
5/16/22,1007.5
5/13/22,1004.52
5/12/22,987.82
5/11/22,1011.22
5/10/22,1007.22
5/9/22,1014.68
5/6/22,1031.5
5/5/22,1058.72
5/4/22,1063.84
5/3/22,1069.24
5/2/22,1072.56
4/29/22,1076.19
4/28/22,1053.82
4/27/22,1043.74
4/26/22,1049.39
4/25/22,1046.04
4/22/22,1075.6
4/21/22,1086.93
4/20/22,1095.63
4/19/22,1096
4/18/22,1106.68
4/15/22,1112.9
4/14/22,1117.36
4/13/22,1119.32
4/12/22,1110.4
4/11/22,1111.76
4/8/22,1127.93
4/7/22,1126.06
4/6/22,1142.5
4/5/22,1156.75
4/4/22,1161.65
4/1/22,1145.85
3/31/22,1141.79
3/30/22,1149.3
3/29/22,1136.45
3/28/22,1124.82
3/25/22,1125.01
3/24/22,1136.95
3/23/22,1140.72
3/22/22,1131.41
3/21/22,1115.26
3/18/22,1004.52
3/17/22,1120.93
3/16/22,1081
3/15/22,1026.77
3/14/22,1055.01
3/11/22,1085.66
3/10/22,1102.74
3/9/22,1090.67
3/8/22,1096.05
3/7/22,1107.3
3/4/22,1144.91
3/3/22,1172.56
3/2/22,1168.41
3/1/22,1176.43
2/28/22,1171.31
2/25/22,1171.99
2/24/22,1154.86
2/23/22,1206.86
2/22/22,1206.63
2/21/22,1219.46
2/18/22,1231.77
2/17/22,1242.92
2/16/22,1244.19
2/15/22,1229.05
2/14/22,1220.42
2/11/22,1240.51
2/10/22,1251.09
2/9/22,1239.79
2/8/22,1219.8
2/7/22,1219.33
2/4/22,1221.1
2/3/22,1210.27
2/2/22,1213.23
2/1/22,1214.01
1/31/22,1208.23
1/28/22,1191.14
1/27/22,1192.06
1/26/22,1211.45
1/25/22,1210.45
1/24/22,1222.16
1/21/22,1244.31
1/20/22,1255.74
1/19/22,1239.83
1/18/22,1241.58
1/17/22,1254.4
1/14/22,1257.46
1/13/22,1263.3
1/12/22,1267.34
1/11/22,1243.04
1/10/22,1232.27
1/7/22,1226.1
1/6/22,1217.07
1/5/22,1222.74
1/4/22,1234.95
1/3/22,1233.5
12/31/21,1232.01
12/30/21,1222.75
12/29/21,1217.93
12/28/21,1227.12
12/27/21,1221.76
12/24/21,1220.55
12/23/21,1219.59
12/22/21,1209.88
12/21/21,1203.66
12/20/21,1190.08
12/17/21,1216.3
12/16/21,1223.89
12/15/21,1214.5
12/14/21,1222.1
12/13/21,1230.61
12/10/21,1238.54
12/9/21,1247.71
12/8/21,1241.01
12/7/21,1235.56
12/6/21,1213.96
12/3/21,1224.64
12/2/21,1236.19
12/1/21,1226.81
11/30/21,1212.42
11/29/21,1218.99
11/26/21,1223.13
11/25/21,1254.69
11/24/21,1253.15
11/23/21,1255.39
11/22/21,1261.56
11/19/21,1269.22
11/18/21,1273.87
11/17/21,1286.87
11/16/21,1290.55
11/15/21,1286.82
11/12/21,1285.48
11/11/21,1281.4
11/10/21,1274.39
11/9/21,1272.95
11/8/21,1268.82
11/5/21,1264.07
11/4/21,1268.45
11/3/21,1262.46
11/2/21,1263.96
11/1/21,1264.54
10/29/21,1264.75
10/28/21,1276.07
10/27/21,1282.89
10/26/21,1296.06
10/25/21,1297.26
10/22/21,1293.14
10/21/21,1293
10/20/21,1301.13
10/19/21,1294.57
10/18/21,1283.02
10/15/21,1283.67
10/14/21,1266.67
10/13/21,1260.23
10/12/21,1253.63
10/11/21,1265.65
10/8/21,1257.04
10/7/21,1253.28
10/6/21,1227.13
10/5/21,1236.51
10/4/21,1236.41
10/1/21,1246.6
9/30/21,1253.1
9/29/21,1251.28
9/28/21,1260.89
9/27/21,1267.36
9/24/21,1265.1
9/23/21,1272.52
9/22/21,1262.79
9/21/21,1261.4
9/20/21,1258.23
9/17/21,1279.35
9/16/21,1276.78
9/15/21,1288.68
9/14/21,1296.15
9/13/21,1301.54
9/10/21,1308.94
9/9/21,1299.97
9/8/21,1313.6
9/7/21,1325.65
9/6/21,1324.37
9/3/21,1315.91
9/2/21,1311.91
9/1/21,1312.44
8/31/21,1308.67
8/30/21,1285.39
8/27/21,1272.67
8/26/21,1266.13
8/25/21,1275.31
8/24/21,1270.01
8/23/21,1237.53
8/20/21,1220.78
8/19/21,1232.41
8/18/21,1261.6
8/17/21,1255.78
8/16/21,1272.19
8/13/21,1280.86
8/12/21,1290.91
8/11/21,1297.58
8/10/21,1300.33
8/9/21,1294.2
8/6/21,1292.53
8/5/21,1300.09
8/4/21,1303.99
8/3/21,1294.18
8/2/21,1293.11
7/30/21,1277.8
7/29/21,1295.41
7/28/21,1268.21
7/27/21,1252.43
7/26/21,1279.99
7/23/21,1311.3
7/22/21,1326.38
7/21/21,1312.15
7/20/21,1311.07
7/19/21,1317.22
7/16/21,1340.08
7/15/21,1348.48
7/14/21,1338.13
7/13/21,1339.51
7/12/21,1326.83
7/9/21,1318.17
7/8/21,1316.25
7/7/21,1340.68
7/6/21,1346.58
7/5/21,1354.47
7/2/21,1355.38
7/1/21,1368.22
6/30/21,1374.64
6/29/21,1377.15
6/28/21,1380.9
6/25/21,1379.59
6/24/21,1367.39
6/23/21,1360.5
6/22/21,1346.84
6/21/21,1350.52
6/18/21,1361.25
6/17/21,1362.88
6/16/21,1370
6/15/21,1378.27
6/14/21,1383.19
6/11/21,1381.99
6/10/21,1378.85
6/9/21,1372.8
6/8/21,1377.43
6/7/21,1380.59
6/4/21,1381.56
6/3/21,1383.57
6/2/21,1388.47
6/1/21,1390.85
5/31/21,1376.21
5/28/21,1360.78
5/27/21,1354.31
5/26/21,1351.95
5/25/21,1345.49
5/24/21,1326.68
5/21/21,1330.04
5/20/21,1329.31
5/19/21,1327.54
5/18/21,1333.18
5/17/21,1311.45
5/14/21,1307.53
5/13/21,1292.78
5/12/21,1315.25
5/11/21,1329.08
5/10/21,1346.35
5/7/21,1348.57
5/6/21,1340.8
5/5/21,1333.05
5/4/21,1334.99
5/3/21,1338.89
4/30/21,1347.61
4/29/21,1364.54
4/28/21,1364.96
4/27/21,1361.96
4/26/21,1360.64
4/23/21,1353.02
4/22/21,1341.43
4/21/21,1336.86
4/20/21,1347.61
4/19/21,1348.55
4/16/21,1348.69
4/15/21,1341.09
4/14/21,1336.59
4/13/21,1323.95
4/12/21,1322.31
4/9/21,1330.36
4/8/21,1343.36
4/7/21,1338.76
4/6/21,1346.91
4/5/21,1338.79
4/2/21,1338.23
4/1/21,1335.24
3/31/21,1316.43
3/30/21,1319.5
3/29/21,1310.11
3/26/21,1307.48
3/25/21,1288.42
3/24/21,1298.44
3/23/21,1323.77
3/22/21,1336.27
3/19/21,1336.84
3/18/21,1347.33
3/17/21,1342.8
3/16/21,1349.07
3/15/21,1340.25
3/12/21,1348.2
3/11/21,1357.6
3/10/21,1324.9
3/9/21,1317.85
3/8/21,1308.14
3/5/21,1339.31
3/4/21,1346.34
3/3/21,1378.02
3/2/21,1359.65
3/1/21,1362.47
2/26/21,1339.26
2/25/21,1383.81
2/24/21,1376.76
2/23/21,1398.2
2/22/21,1397.67
2/19/21,1430.03
2/18/21,1425.13
2/17/21,1444.93
2/16/21,1442.17
2/15/21,1437.72
2/12/21,1428.87
2/11/21,1427.89
2/10/21,1422.94
2/9/21,1409.14
2/8/21,1399.81
2/5/21,1395.35
2/4/21,1387.61
2/3/21,1392.64
2/2/21,1381.19
2/1/21,1361.09
1/29/21,1329.57
1/28/21,1350.59
1/27/21,1371.42
1/26/21,1388.76
1/25/21,1410.2
1/22/21,1392.85
1/21/21,1406.07
1/20/21,1400.97
1/19/21,1381.31
1/18/21,1358.98
1/15/21,1358.03
1/14/21,1370.76
1/13/21,1364.07
1/12/21,1353.57
1/11/21,1349.6
1/8/21,1353.53
1/7/21,1322.3
1/6/21,1315.33
1/5/21,1319.97
1/4/21,1304.43
1/1/21,1291.75
12/31/20,1291.26
12/30/20,1289.03
12/29/20,1266.77
12/28/20,1252.33
12/25/20,1255.2
12/24/20,1253.53
12/23/20,1258.1
12/22/20,1248.7
12/21/20,1257.01
12/18/20,1268.36
12/17/20,1272.96
12/16/20,1263.82
12/15/20,1250.21
12/14/20,1250.45
12/11/20,1257.66
12/10/20,1255.03
12/9/20,1255.85
12/8/20,1254.23
12/7/20,1253.39
12/4/20,1251.04
12/3/20,1239.46
12/2/20,1228.71
12/1/20,1224
11/30/20,1205.07
11/27/20,1230.72
11/26/20,1229.58
11/25/20,1218.29
11/24/20,1225.99
11/23/20,1220.52
11/20/20,1209.26
11/19/20,1200.44
11/18/20,1207.55
11/17/20,1201.43
11/16/20,1203.04
11/13/20,1188.35
11/12/20,1182.1
11/11/20,1178.86
11/10/20,1179.92
11/9/20,1192.37
11/6/20,1176.36
11/5/20,1166.23
11/4/20,1135.26
11/3/20,1120.88
11/2/20,1114.76
10/30/20,1103.46
10/29/20,1120.1
10/28/20,1120.75
10/27/20,1133.99
10/26/20,1130.65
10/23/20,1136.45
10/22/20,1136.54
10/21/20,1137.91
10/20/20,1133.94
10/19/20,1127.28
10/16/20,1124.08
10/15/20,1120.54
10/14/20,1135.56
10/13/20,1136.42
10/12/20,1137.17
10/9/20,1122.51
10/8/20,1117.44
10/7/20,1107.9
10/6/20,1102.47
10/5/20,1091.38
10/2/20,1081.71
10/1/20,1084.83
9/30/20,1082
9/29/20,1068.79
9/28/20,1069.88
9/25/20,1059.1
9/24/20,1057.74
9/23/20,1077.7
9/22/20,1082.87
9/21/20,1090.35
9/18/20,1108.53
9/17/20,1106.82
9/16/20,1116.99
9/15/20,1112.62
9/14/20,1104.27
9/11/20,1091.79
9/10/20,1085.31
9/9/20,1085.75
9/8/20,1087.51
9/7/20,1094.56
9/4/20,1099.5
9/3/20,1108.85
9/2/20,1118.9
9/1/20,1120.02
8/31/20,1101.5
8/28/20,1121.6
8/27/20,1117.22
8/26/20,1119.34
8/25/20,1114.72
8/24/20,1108.23
8/21/20,1091.85
8/20/20,1080.54
8/19/20,1099.41
8/18/20,1104.96
8/17/20,1099.96
8/14/20,1093.16
8/13/20,1096.18
8/12/20,1093.98
8/11/20,1091.23
8/10/20,1086.45
8/7/20,1089.32
8/6/20,1106.58
8/5/20,1103.03
8/4/20,1089.58
8/3/20,1077.87
7/31/20,1078.92
7/30/20,1082.06
7/29/20,1086.62
7/28/20,1082.02
7/27/20,1073.14
7/24/20,1060.47
7/23/20,1077.6
7/22/20,1077.78
7/21/20,1085.86
7/20/20,1064.5
7/17/20,1055.06
7/16/20,1045.93
7/15/20,1066.29
7/14/20,1059.52
7/13/20,1071.36
7/10/20,1069.27
7/9/20,1079.69
7/8/20,1070.14
7/7/20,1052.54
7/6/20,1060.5
7/3/20,1033.09
7/2/20,1023.48
7/1/20,1001.08
6/30/20,995.1
6/29/20,993.96
6/26/20,998.9
6/25/20,1004.44
6/24/20,1010.79
6/23/20,1014.62
6/22/20,1000.19
6/19/20,1001.36
6/18/20,995.18
6/17/20,994.62
6/16/20,989.87
6/15/20,966.32
6/12/20,987.01
6/11/20,993.59
6/10/20,1012.51
6/9/20,1009.61
6/8/20,1007.46
6/5/20,1002.65
6/4/20,988.8
6/3/20,988.02
6/2/20,967.48
6/1/20,951.48
5/29/20,930.35
5/28/20,925.34
5/27/20,927.36
5/26/20,926.65
5/25/20,911.41
5/22/20,905.25
5/21/20,930.01
5/20/20,931.5
5/19/20,925.22
5/18/20,912.57
5/15/20,901.16
5/14/20,900.87
5/13/20,909.2
5/12/20,909.31
5/11/20,915.9
5/8/20,911.65
5/7/20,896.89
5/6/20,898.7
5/5/20,895.74
5/4/20,887.98
5/1/20,916.77
4/30/20,924.94
4/29/20,919.66
4/28/20,902.7
4/27/20,895.33
4/24/20,879.41
4/23/20,891.81
4/22/20,888.64
4/21/20,878.24
4/20/20,899.33
4/17/20,901.31
4/16/20,884.86
4/15/20,888.14
4/14/20,896.29
4/13/20,883.14
4/10/20,888.16
4/9/20,887.58
4/8/20,873.85
4/7/20,878.15
4/6/20,853.83
4/3/20,831.72
4/2/20,838.53
4/1/20,827.26
3/31/20,848.58
3/30/20,832.02
3/27/20,842.54
3/26/20,851.28
3/25/20,836.54
3/24/20,801.73
3/23/20,758.2
3/20/20,803.23
3/19/20,766.41
3/18/20,787.81
3/17/20,826.68
3/16/20,833.18
3/13/20,891.19
3/12/20,883.13
3/11/20,946.62
3/10/20,964.55
3/9/20,947.92
3/6/20,1012.08
3/5/20,1039.34
3/4/20,1037.81
3/3/20,1027.82
3/2/20,1017.03
2/28/20,1005.52
2/27/20,1030.67
2/26/20,1043.31
2/25/20,1056.54
2/24/20,1055.32
2/21/20,1084.22
2/20/20,1095.32
2/19/20,1103.69
2/18/20,1095.66
2/17/20,1107.99
2/14/20,1106.3
2/13/20,1106.07
2/12/20,1109.7
2/11/20,1099.41
2/10/20,1086.93
2/7/20,1091.64
2/6/20,1102.39
2/5/20,1089.4
2/4/20,1085.39
2/3/20,1060.32
1/31/20,1062.34
1/30/20,1072.79
1/29/20,1097.51
1/28/20,1101.72
1/27/20,1102.98
1/24/20,1119.39
1/23/20,1122.19
1/22/20,1133.4
1/21/20,1126.85
1/20/20,1145.68
1/17/20,1146.83
1/16/20,1140.62
1/15/20,1137.98
1/14/20,1143.86
1/13/20,1144
1/10/20,1133.63
1/9/20,1129.37
1/8/20,1111.4
1/7/20,1115.84
1/6/20,1112.53
1/3/20,1123.87
1/2/20,1128.01
1/1/20,1114.64
12/31/19,1114.66
12/30/19,1118.42
12/27/19,1118.67
12/26/19,1112.08
12/25/19,1109.14
12/24/19,1109.07
12/23/19,1111.64
12/20/19,1107.64
12/19/19,1106.63
12/18/19,1109.18
12/17/19,1102.61
12/16/19,1087.96
12/13/19,1086.91
12/12/19,1070.71
12/11/19,1058.23
12/10/19,1049.5
12/9/19,1051.11
12/6/19,1048.96
12/5/19,1042.85
12/4/19,1036.57
12/3/19,1037.38
12/2/19,1040.22
11/29/19,1040.05
11/28/19,1050.39
11/27/19,1052.93
11/26/19,1047.84
11/25/19,1053.47
11/22/19,1048.55
11/21/19,1044.58
11/20/19,1052
11/19/19,1057.16
11/18/19,1052.12
11/15/19,1048.79
11/14/19,1042.25
11/13/19,1043.83
11/12/19,1055.83
11/11/19,1052.88
11/8/19,1064.85
11/7/19,1073.57
11/6/19,1068.87
11/5/19,1071.22
11/4/19,1064.55
11/1/19,1049.19
10/31/19,1041.98
10/30/19,1041.5
10/29/19,1043.73
10/28/19,1042.97
10/25/19,1035.84
10/24/19,1037.41
10/23/19,1030.95
10/22/19,1034.08
10/21/19,1028.51
10/18/19,1024.02
10/16/19,1024.08
10/15/19,1019.25
10/14/19,1017.45
10/11/19,1011.54
10/10/19,996.5
10/9/19,993.01
10/8/19,993.95
10/7/19,994.16
10/4/19,996.58
10/3/19,992.28
10/2/19,989.2
10/1/19,998.48
9/30/19,1001
9/27/19,1001.5
9/26/19,1009.3
9/24/19,1011.35
9/23/19,1015.23
9/20/19,1021.27
9/19/19,1016.57
9/18/19,1021.36
9/17/19,1018.93
9/16/19,1027.08
9/13/19,1026.61
9/12/19,1022.33
9/11/19,1017.04
9/10/19,1008.13
9/9/19,1010.58
9/6/19,1007.96
9/5/19,1003.01
9/4/19,990.61
9/3/19,973.27
9/2/19,983.76
8/30/19,984.33
8/28/19,965.35
8/27/19,964.59
8/26/19,960.81
8/23/19,973.66
8/22/19,975.66
8/21/19,983.14
8/20/19,980.11
8/19/19,977.73
8/16/19,970.27
8/15/19,963.52
8/14/19,964.43
8/13/19,968.87
8/12/19,974.48
8/9/19,981.19
8/8/19,984.3
8/7/19,972.65
8/6/19,972.67
8/5/19,973
8/2/19,1003.76
8/1/19,1024.56
7/31/19,1037.01
7/30/19,1043.14
7/29/19,1045.73
7/26/19,1048.66
7/25/19,1054.29
7/24/19,1055.34
7/23/19,1055.49
7/22/19,1053.81
7/19/19,1057.49
7/18/19,1051.72
7/17/19,1054.9
7/16/19,1060.38
7/15/19,1057.75
7/12/19,1050.9
7/11/19,1055.15
7/10/19,1048.95
7/9/19,1042.47
7/8/19,1046.25
7/5/19,1059.93
7/4/19,1064.63
7/3/19,1059.63
7/2/19,1063.64
7/1/19,1064.09
6/28/19,1054.86
6/27/19,1054.86
6/26/19,1047.91
6/25/19,1045.3
6/24/19,1053.06
6/21/19,1053.22
6/20/19,1053.78
6/19/19,1038.27
6/18/19,1023.91
6/17/19,1010.97
6/14/19,1015.08
6/13/19,1022.08
6/12/19,1026.24
6/11/19,1031.85
6/10/19,1022.03
6/7/19,1007.39
6/6/19,1002.75
6/5/19,1004.68
6/4/19,1005.43
6/3/19,1008.34
5/31/19,998
5/30/19,994.93
5/29/19,985.44
5/28/19,988.16
5/27/19,989.15
5/24/19,986.65
5/23/19,984.81
5/22/19,998
5/21/19,998.97
5/20/19,994.08
5/17/19,996.39
5/16/19,1011.15
5/15/19,1015.97
5/14/19,1014.48
5/13/19,1016.49
5/10/19,1033.44
5/9/19,1028.4
5/8/19,1050.94
5/7/19,1057.05
5/6/19,1062.64
5/3/19,1082.77
5/2/19,1078.95
5/1/19,1080.48
4/30/19,1079.24
4/29/19,1082.91
4/26/19,1078.06
4/25/19,1076.71
4/24/19,1084.52
4/23/19,1089.76
4/22/19,1089.03
4/19/19,1092.52
4/18/19,1092.52
4/17/19,1096.39
4/16/19,1093.55
4/15/19,1086.22
4/12/19,1089.09
4/11/19,1087.49
4/10/19,1096.05
4/9/19,1093.44
4/8/19,1088.5
4/5/19,1085.14
4/4/19,1080.73
4/3/19,1079.8
4/2/19,1071.14
4/1/19,1070.09
3/29/19,1058.13
3/28/19,1045.21
3/27/19,1044.1
3/26/19,1050.45
3/25/19,1047.71
3/22/19,1059.63
3/21/19,1069.68
3/20/19,1068.47
3/19/19,1070.95
3/18/19,1069.26
3/15/19,1057.3
3/14/19,1048.2
3/13/19,1050.46
3/12/19,1051.52
3/11/19,1041.15
3/8/19,1030.13
3/7/19,1043.56
3/6/19,1055.68
3/5/19,1055.12
3/4/19,1053.62
3/1/19,1051.54
2/28/19,1050.95
2/27/19,1061.26
2/26/19,1064.94
2/25/19,1067.64
2/22/19,1058.65
2/21/19,1050.99
2/20/19,1049.32
2/19/19,1036.97
2/18/19,1036.73
2/15/19,1030.64
2/14/19,1039.19
2/13/19,1041.84
2/12/19,1042.13
2/11/19,1035.41
2/8/19,1036.03
2/7/19,1041.97
2/6/19,1048.46
2/5/19,1051.9
2/4/19,1048.05
2/1/19,1050.2
1/31/19,1049.93
1/30/19,1036.63
1/29/19,1029.75
1/28/19,1028.06
1/25/19,1032.34
1/24/19,1019.44
1/23/19,1011.56
1/22/19,1010.63
1/21/19,1018.45
1/18/19,1017.99
1/17/19,1008.99
1/16/19,1009.39
1/15/19,1005.11
1/14/19,992.71
1/11/19,1001.11
1/10/19,998.67
1/9/19,994.41
1/8/19,975.51
1/7/19,977.96
1/4/19,964.97
1/3/19,949.57
1/2/19,955.78
1/1/19,966.04
12/31/18,965.78
12/28/18,962.63
12/27/18,952.33
12/26/18,950.15
12/25/18,950.27
12/24/18,952.84
12/21/18,957.33
12/20/18,959.79
12/19/18,967.65
12/18/18,962.98
12/17/18,967.82
12/14/18,971.9
12/13/18,985.52
12/12/18,978.9
12/11/18,964.8
12/10/18,962.79
12/7/18,981.37
12/6/18,978.93
12/5/18,1001.91
12/4/18,1014.25
12/3/18,1016.87
11/30/18,994.72
11/29/18,998.05
11/28/18,991.67
11/27/18,980.16
11/26/18,976.57
11/23/18,969.17
11/22/18,975.99
11/21/18,975.04
11/20/18,972.58
11/19/18,988.31
11/16/18,986.3
11/15/18,980.85
11/14/18,968.14
11/13/18,966.02
11/12/18,966.41
11/9/18,976.17
11/8/18,993.53
11/7/18,997.92
11/6/18,992.27
11/5/18,992.38
11/2/18,996.72
11/1/18,971.44
10/31/18,955.92
10/30/18,936.3
10/29/18,934.8
10/26/18,939.55
10/25/18,948.96
10/24/18,953.05
10/23/18,960.54
10/22/18,982.86
10/19/18,971.47
10/18/18,970.9
10/17/18,983.71
10/16/18,984.66
10/15/18,971.67
10/12/18,980.09
10/11/18,954.66
10/10/18,985.67
10/9/18,993.99
10/8/18,995.5
10/5/18,1000.76
10/4/18,1010.38
10/3/18,1035.03
10/2/18,1033.3
10/1/18,1046.4
9/28/18,1047.91
9/27/18,1051.3
9/26/18,1046.02
9/25/18,1041.78
9/24/18,1042.35
9/21/18,1051.43
9/20/18,1036.93
9/19/18,1031.07
9/18/18,1019.74
9/17/18,1016.43
9/14/18,1028.53
9/13/18,1017.64
9/12/18,1004.56
9/11/18,1003.33
9/10/18,1011.25
9/7/18,1022.98
9/6/18,1018.29
9/5/18,1021.72
9/4/18,1040.17
9/3/18,1047.13
8/31/18,1055.96
8/30/18,1057.84
8/29/18,1070.53
8/28/18,1070.62
8/27/18,1069.14
8/24/18,1050.19
8/23/18,1048.2
8/22/18,1050.61
8/21/18,1044.31
8/20/18,1033.65
8/17/18,1022.94
8/16/18,1021.57
8/15/18,1023.43
8/14/18,1042.56
8/13/18,1043.3
8/10/18,1062.37
8/9/18,1078.67
8/8/18,1079.73
8/7/18,1079.79
8/6/18,1071
8/3/18,1073.33
8/2/18,1067.42
8/1/18,1086.87
7/31/18,1087.46
7/30/18,1090.14
7/27/18,1092.36
7/26/18,1089.17
7/25/18,1088.82
7/24/18,1080.38
7/23/18,1069.52
7/20/18,1070.07
7/19/18,1060.65
7/18/18,1068.75
7/17/18,1070.91
7/16/18,1070.24
7/13/18,1075.64
7/12/18,1070.24
7/11/18,1064.72
7/10/18,1076.19
7/9/18,1075.74
7/6/18,1059.97
7/5/18,1054.35
7/4/18,1056.07
7/3/18,1057.7
7/2/18,1059.32
6/29/18,1069.52
6/28/18,1046.71
6/27/18,1052.12
6/26/18,1067.75
6/25/18,1071.06
6/22/18,1088
6/21/18,1080.19
6/20/18,1093.26
6/19/18,1085.03
6/18/18,1105.98
6/15/18,1113.76
6/14/18,1125.71
6/13/18,1135.68
6/12/18,1140.64
6/11/18,1139.46
6/8/18,1135.39
6/7/18,1149.68
6/6/18,1150.17
6/5/18,1144.44
6/4/18,1146.74
6/1/18,1130.22
5/31/18,1120.71
5/30/18,1112.75
5/29/18,1126.25
5/28/18,1137
5/25/18,1136.62
5/24/18,1135.06
5/23/18,1133.1
5/22/18,1142.05
5/21/18,1136.49
5/18/18,1137.75
5/17/18,1144.07
5/16/18,1155.09
5/15/18,1150.27
5/14/18,1168.9
5/11/18,1164.49
5/10/18,1156.55
5/9/18,1143.76
5/8/18,1142.66
5/7/18,1139.55
5/4/18,1136.17
5/3/18,1137.85
5/2/18,1151.44
5/1/18,1162.48
4/30/18,1164.43
4/27/18,1156.3
4/26/18,1144.34
4/25/18,1140.27
4/24/18,1154.21
4/23/18,1158.26
4/20/18,1168.24
4/19/18,1184.13
4/18/18,1176.14
4/17/18,1164.36
4/16/18,1163.25
4/13/18,1170.09
4/12/18,1176.88
4/11/18,1175.53
4/10/18,1175.32
4/9/18,1163.07
4/6/18,1161.97
4/5/18,1166.48
4/4/18,1155.64
4/3/18,1170.15
4/2/18,1169.43
3/30/18,1170.87
3/29/18,1169.27
3/28/18,1162.67
3/27/18,1185.18
3/26/18,1182.28
3/23/18,1172.1
3/22/18,1196.73
3/21/18,1209.62
3/20/18,1209.89
3/19/18,1203.59
3/16/18,1213.14
3/15/18,1216.24
3/14/18,1218.7
3/13/18,1223.83
3/12/18,1222.2
3/9/18,1207.23
3/8/18,1195.24
3/7/18,1189.2
3/6/18,1193.93
3/5/18,1176.12
3/2/18,1182.06
3/1/18,1192.25
2/28/18,1195.19
2/27/18,1212.33
2/26/18,1221.08
2/23/18,1216.43
2/22/18,1200.9
2/21/18,1209.67
2/20/18,1194.53
2/19/18,1201.04
2/16/18,1199.73
2/15/18,1202.62
2/14/18,1185.33
2/13/18,1164.49
2/12/18,1153.37
2/9/18,1142.85
2/8/18,1163.09
2/7/18,1173.38
2/6/18,1176.18
2/5/18,1209.34
2/2/18,1230.83
2/1/18,1248.65
1/31/18,1254.59
1/30/18,1247.63
1/29/18,1267.98
1/26/18,1273.07
1/25/18,1263.45
1/24/18,1258.75
1/23/18,1252.39
1/22/18,1238.5
1/19/18,1232.6
1/18/18,1227.52
1/17/18,1222.62
1/16/18,1217.87
1/15/18,1210.64
1/12/18,1208.17
1/11/18,1197
1/10/18,1197.53
1/9/18,1205.14
1/8/18,1206.86
1/5/18,1201.01
1/4/18,1192.56
1/3/18,1184.21
1/2/18,1177.98
1/1/18,1157.55
12/29/17,1158.45
12/28/17,1153.58
12/27/17,1144.39
12/26/17,1138.63
12/25/17,1141.11
12/22/17,1141.09
12/21/17,1134.38
12/20/17,1132.85
12/19/17,1132.2
12/18/17,1130.39
12/15/17,1118.5
12/14/17,1121.22
12/13/17,1118.81
12/12/17,1112.37
12/11/17,1119.97
12/8/17,1110.78
12/7/17,1100.54
12/6/17,1101.19
12/5/17,1117.69
12/4/17,1121.95
12/1/17,1115.94
11/30/17,1120.79
11/29/17,1141.38
11/28/17,1146.5
11/27/17,1144.33
11/24/17,1154.26
11/23/17,1152.4
11/22/17,1156.67
11/21/17,1150.98
11/20/17,1136.1
11/17/17,1136.45
11/16/17,1125.36
11/15/17,1111.12
11/14/17,1118.32
11/13/17,1123.26
11/10/17,1128.49
11/9/17,1133.78
11/8/17,1134.68
11/7/17,1134.55
11/6/17,1131.03
11/3/17,1126.18
11/2/17,1127.31
11/1/17,1128.94
10/31/17,1119.08
10/30/17,1115.53
10/27/17,1110.22
10/26/17,1108.16
10/25/17,1114.09
10/24/17,1113.32
10/23/17,1115.9
10/20/17,1119.69
10/19/17,1116.91
10/18/17,1126.9
10/17/17,1125.66
10/16/17,1131.82
10/13/17,1125.91
10/12/17,1121.62
10/11/17,1117.33
10/10/17,1112.52
10/9/17,1100.41
10/6/17,1103.12
10/5/17,1102.76
10/4/17,1101.84
10/3/17,1097.03
10/2/17,1082.97
9/29/17,1081.72
9/28/17,1072.38
9/27/17,1078.57
9/26/17,1080.11
9/25/17,1088.26
9/22/17,1102.25
9/21/17,1108.19
9/20/17,1112.07
9/19/17,1109.63
9/18/17,1112.92
9/15/17,1102.16
9/14/17,1099.89
9/13/17,1099.46
9/12/17,1102.26
9/11/17,1099.18
9/8/17,1091.17
9/7/17,1090.1
9/6/17,1083.18
9/5/17,1084.93
9/4/17,1083.34
9/1/17,1091.36
8/31/17,1087.7
8/30/17,1088
8/29/17,1081.23
8/28/17,1085.08
8/25/17,1085.37
8/24/17,1082.45
8/23/17,1075.6
8/22/17,1072.52
8/21/17,1063.66
8/18/17,1059.54
8/17/17,1063.33
8/16/17,1060.27
8/15/17,1052.51
8/14/17,1053.65
8/11/17,1042.8
8/10/17,1056.21
8/9/17,1068.92
8/8/17,1078.53
8/7/17,1075.36
8/4/17,1067.26
8/3/17,1064.07
8/2/17,1069.97
8/1/17,1069
7/31/17,1066.23
7/28/17,1062.97
7/27/17,1068.95
7/26/17,1062.29
7/25/17,1061.69
7/24/17,1064.27
7/21/17,1060.18
7/20/17,1059.4
7/19/17,1060.12
7/18/17,1053.23
7/17/17,1051.55
7/14/17,1047.05
7/13/17,1040.72
7/12/17,1029.9
7/11/17,1018.2
7/10/17,1009.29
7/7/17,1002.48
7/6/17,1006.16
7/5/17,1009.85
7/4/17,1006.72
7/3/17,1014.24
6/30/17,1010.8
6/29/17,1014.02
6/28/17,1012.1
6/27/17,1016.68
6/26/17,1019.11
6/23/17,1011.67
6/22/17,1008.81
6/21/17,1006.47
6/20/17,1008.67
6/19/17,1012.95
6/16/17,1003.12
6/15/17,1003.64
6/14/17,1013.69
6/13/17,1009.78
6/12/17,1008.92
6/9/17,1018.19
6/8/17,1019.06
6/7/17,1015.75
6/6/17,1015.89
6/5/17,1017.59
6/2/17,1015.08
6/1/17,1008.47
5/31/17,1005.33
5/30/17,1011.77
5/29/17,1015.19
5/26/17,1017
5/25/17,1014.55
5/24/17,1005.03
5/23/17,1004.47
5/22/17,1003.66
5/19/17,995.67
5/18/17,988.38
5/17/17,1008.63
5/16/17,1015.05
5/15/17,1010.23
5/12/17,1002.37
5/11/17,1000.35
5/10/17,995.09
5/9/17,990.6
5/8/17,985.11
5/5/17,978.27
5/4/17,980.07
5/3/17,985.74
5/2/17,988.19
5/1/17,979.76
4/28/17,977.96
4/27/17,979.66
4/26/17,982.53
4/25/17,982.65
4/24/17,971.36
4/21/17,961.78
4/20/17,958.45
4/19/17,952.92
4/18/17,957.7
4/17/17,962.71
4/14/17,960.43
4/13/17,962.85
4/12/17,958.2
4/11/17,954.44
4/10/17,958
4/7/17,961.61
4/6/17,963.29
4/5/17,969.22
4/4/17,965.17
4/3/17,965.15
3/31/17,958.37
3/30/17,969.47
3/29/17,971.86
3/28/17,970.32
3/27/17,965.71
3/24/17,969.13
3/23/17,967.92
3/22/17,966.97
3/21/17,973.08
3/20/17,972.35
3/17/17,965.57
3/16/17,963.2
3/15/17,943.52
3/14/17,939.97
3/13/17,938.5
3/10/17,926.14
3/9/17,922.94
3/8/17,934.9
3/7/17,936.5
3/6/17,934.42
3/3/17,931.07
3/2/17,936.37
3/1/17,938.47
2/28/17,936.37
2/27/17,940.32
2/24/17,943.52
2/23/17,952.12
2/22/17,950.95
2/21/17,945.64
2/20/17,943.58
2/17/17,939.03
2/16/17,945.62
2/15/17,941.78
2/14/17,934.08
2/13/17,935.45
2/10/17,930.16
2/9/17,925.57
2/8/17,921.68
2/7/17,919.8
2/6/17,922.99
2/3/17,918.87
2/2/17,915.21
2/1/17,913
1/31/17,909.23
1/30/17,913.09
1/27/17,915.92
1/26/17,916.73
1/25/17,912.16
1/24/17,908.63
1/23/17,902.14
1/20/17,893.28
1/19/17,894.52
1/18/17,897.89
1/17/17,894.87
1/16/17,889.11
1/13/17,895.98
1/12/17,896.64
1/11/17,886.73
1/10/17,885.7
1/9/17,878.44
1/6/17,881.11
1/5/17,881.72
1/4/17,871.45
1/3/17,868.44
1/2/17,861.88
12/30/16,862.27
12/29/16,858.44
12/28/16,851.18
12/27/16,844.66
12/26/16,842.45
12/23/16,841.6
12/22/16,842.51
12/21/16,851.17
12/20/16,851.31
12/19/16,851.13
12/16/16,856.4
12/15/16,858.65
12/14/16,872.76
12/13/16,877.2
12/12/16,872.24
12/9/16,877.85
12/8/16,879.32
12/7/16,867.61
12/6/16,861.49
12/5/16,853.97
12/2/16,853.07
12/1/16,858.41
11/30/16,862.83
11/29/16,858.47
11/28/16,863.17
11/25/16,855.78
11/24/16,852.02
11/23/16,855.92
11/22/16,857.45
11/21/16,847.4
11/18/16,844.53
11/17/16,847.19
11/16/16,847.15
11/15/16,841.49
11/14/16,838.96
11/11/16,849.1
11/10/16,875.63
11/9/16,880.15
11/8/16,902.45
11/7/16,894.77
11/4/16,880.12
11/3/16,884.93
11/2/16,890.21
11/1/16,902.58
10/31/16,905.09
10/28/16,903.5
10/27/16,905.31
10/26/16,910.58
10/25/16,918.25
10/24/16,918.4
10/21/16,911.24
10/20/16,913.38
10/19/16,913.35
10/18/16,908.55
10/17/16,894.71
10/14/16,897.03
10/13/16,890.65
10/12/16,902.74
10/11/16,905.57
10/10/16,918.68
10/7/16,914.81
10/6/16,917.04
10/5/16,915.26
10/4/16,915.61
10/3/16,911.61
9/30/16,903.46
9/29/16,913.39
9/28/16,912.19
9/27/16,911.13
9/26/16,905.49
9/23/16,917.5
9/22/16,920.92
9/21/16,905.65
9/20/16,898.82
9/19/16,897.68
9/16/16,885.45
9/15/16,888.98
9/14/16,885.14
9/13/16,886.01
9/12/16,889.41
9/9/16,909.32
9/8/16,927.29
9/7/16,926.04
9/6/16,923.45
9/5/16,909.6
9/2/16,899.61
9/1/16,891.08
8/31/16,893.68
8/30/16,898.92
8/29/16,895.97
8/26/16,901.39
8/25/16,898.1
8/24/16,896.75
8/23/16,906.5
8/22/16,904.22
8/19/16,910.34
8/18/16,916.4
8/17/16,909.67
8/16/16,915.6
8/15/16,915.86
8/12/16,910.08
8/11/16,907.6
8/10/16,902.99
8/9/16,899.79
8/8/16,895.53
8/5/16,885.52
8/4/16,876.04
8/3/16,868.18
8/2/16,876.77
8/1/16,882.55
7/29/16,873.47
7/28/16,875.52
7/27/16,874.05
7/26/16,870.72
7/25/16,869.1
7/22/16,869.3
7/21/16,871.17
7/20/16,870.76
7/19/16,868.12
7/18/16,870.13
7/15/16,867.84
7/14/16,865.93
7/13/16,856.36
7/12/16,854.08
7/11/16,846.73
7/8/16,828.84
7/7/16,826.99
7/6/16,819.19
7/5/16,831.68
7/4/16,843.42
7/1/16,839.25
6/30/16,834.1
6/29/16,821.82
6/28/16,805.24
6/27/16,794.56
6/24/16,805.87
6/23/16,835.43
6/22/16,829.33
6/21/16,825.35
6/20/16,821.17
6/17/16,806.22
6/16/16,799.78
6/15/16,808.19
6/14/16,803.06
6/13/16,809.46
6/10/16,823.82
6/9/16,837.03
6/8/16,842.38
6/7/16,835.9
6/6/16,823.26
6/3/16,816.18
6/2/16,809.34
6/1/16,807.22
5/31/16,807.45
5/30/16,807.66
5/27/16,808.29
5/26/16,802.93
5/25/16,799.68
5/24/16,787.99
5/23/16,788.9
5/20/16,785.26
5/19/16,781.84
5/18/16,794.22
5/17/16,801.64
5/16/16,797.43
5/13/16,796.07
5/12/16,806.68
5/11/16,807.97
5/10/16,806.91
5/9/16,800.91
5/6/16,805.34
5/5/16,809.46
5/4/16,813.52
5/3/16,821.09
5/2/16,835.57
4/29/16,840.19
4/28/16,844.06
4/27/16,843.17
4/26/16,842.63
4/25/16,839.2
4/22/16,845.21
4/21/16,853.69
4/20/16,849.45
4/19/16,852.73
4/18/16,843.68
4/15/16,846.7
4/14/16,845.45
4/13/16,844.15
4/12/16,830.88
4/11/16,824.01
4/8/16,816.82
4/7/16,809.29
4/6/16,809.03
4/5/16,812.97
4/4/16,826.78
4/1/16,826.19
3/31/16,836.8
3/30/16,833.98
3/29/16,814.83
3/28/16,813.04
3/25/16,812.32
3/24/16,813.61
3/23/16,821.71
3/22/16,830.51
3/21/16,829.06
3/18/16,826.75
3/17/16,816.9
3/16/16,791.18
3/15/16,790.68
3/14/16,803.45
3/11/16,800.91
3/10/16,790.74
3/9/16,787.69
3/8/16,788.09
3/7/16,795.18
3/4/16,790.97
3/3/16,780.19
3/2/16,769.1
3/1/16,752.92
2/29/16,740.33
2/26/16,740.02
2/25/16,735.35
2/24/16,736.53
2/23/16,744.76
2/22/16,749.42
2/19/16,740.98
2/18/16,746.24
2/17/16,735.78
2/16/16,731.4
2/15/16,726.86
2/12/16,711.24
2/11/16,713.04
2/10/16,730.58
2/9/16,729.88
2/8/16,734.13
2/5/16,739.61
2/4/16,739.55
2/3/16,721.65
2/2/16,728.71
2/1/16,742.74
1/29/16,742.37
1/28/16,722.23
1/27/16,715.98
1/26/16,708.33
1/25/16,716.08
1/22/16,710.66
1/21/16,688.52
1/20/16,692.76
1/19/16,714.37
1/18/16,703.41
1/15/16,709.19
1/14/16,723.15
1/13/16,729.56
1/12/16,723.21
1/11/16,723.36
1/8/16,740.07
1/7/16,738.86
1/6/16,759.81
1/5/16,768.46
1/4/16,767.77
1/1/16,794.21
12/31/15,794.14
12/30/15,791.47
12/29/15,799.69
12/28/15,800.32
12/25/15,804.29
12/24/15,804.06
12/23/15,803.13
12/22/15,794.61
12/21/15,791.43
12/18/15,789.71
12/17/15,798.59
12/16/15,790.34
12/15/15,779.41
12/14/15,771.22
12/11/15,773.56
12/10/15,789.02
12/9/15,795.23
12/8/15,795.46
12/7/15,807.79
12/4/15,812.27
12/3/15,819.25
12/2/15,821.78
12/1/15,825.48
11/30/15,814.3
11/27/15,826.36
11/26/15,838.09
11/25/15,836.15
11/24/15,839.3
11/23/15,841.11
11/20/15,843.48
11/19/15,837.14
11/18/15,822.84
11/17/15,824.09
11/16/15,813.38
11/13/15,821.12
11/12/15,833.74
11/11/15,833.38
11/10/15,833.39
11/9/15,843.57
11/6/15,852.47
11/5/15,864.14
11/4/15,868.16
11/3/15,860.77
11/2/15,850.23
10/30/15,847.84
10/29/15,846.14
10/28/15,860.3
10/27/15,862.71
10/26/15,867.65
10/23/15,868.56
10/22/15,858.17
10/21/15,859.1
10/20/15,864.47
10/19/15,867.25
10/16/15,865.28
10/15/15,864.73
10/14/15,849.4
10/13/15,854.29
10/12/15,865.23
10/9/15,859.32
10/8/15,848.37
10/7/15,850.78
10/6/15,828.68
10/5/15,821.26
10/2/15,804.1
10/1/15,797.61
9/30/15,792.05
9/29/15,776.35
9/28/15,781.57
9/25/15,789.15
9/24/15,785.68
9/23/15,791.79
9/22/15,808.23
9/21/15,815.63
9/18/15,829.86
9/17/15,827.5
9/16/15,822.71
9/15/15,806.78
9/14/15,807.66
9/11/15,802.49
9/10/15,804.16
9/9/15,809.51
9/8/15,790.57
9/7/15,778.18
9/4/15,788.59
9/3/15,801.48
9/2/15,796.68
9/1/15,801.11
8/31/15,818.73
8/28/15,820.25
8/27/15,813.08
8/26/15,787.3
8/25/15,788.54
8/24/15,771.77
8/21/15,812.38
8/20/15,830.28
8/19/15,840.51
8/18/15,848.12
8/17/15,854.71
8/14/15,863.83
8/13/15,864.8
8/12/15,861.71
8/11/15,878.27
8/10/15,887.7
8/7/15,885.07
8/6/15,884.93
8/5/15,891.95
8/4/15,893.11
8/3/15,890.85
7/31/15,901.68
7/30/15,894.07
7/29/15,900.12
7/28/15,891.24
7/27/15,892.6
7/24/15,910.4
7/23/15,923.56
7/22/15,931.14
7/21/15,939.81
7/20/15,935.45
7/17/15,941.68
7/16/15,941.69
7/15/15,937.98
7/14/15,940.83
7/13/15,943.01
7/10/15,932.85
7/9/15,919.78
7/8/15,904.57
7/7/15,930.25
7/6/15,943.44
7/3/15,964.31
7/2/15,971.47
7/1/15,971.91
6/30/15,972.25
6/29/15,959.42
6/26/15,980.63
6/25/15,988.18
6/24/15,993.31
6/23/15,990.67
6/22/15,987.3
6/19/15,974.56
6/18/15,977.61
6/17/15,969.4
6/16/15,965.34
6/15/15,970.51
6/12/15,979.46
6/11/15,976.78
6/10/15,977.85
6/9/15,971.09
6/8/15,977.09
6/5/15,982.14
6/4/15,988.05
6/3/15,995.83
6/2/15,999.87
6/1/15,1002.93
5/29/15,1004.22
5/28/15,1009.52
5/27/15,1019.09
5/26/15,1026.45
5/25/15,1035.33
5/22/15,1037.62
5/21/15,1032.7
5/20/15,1036.1
5/19/15,1040.89
5/18/15,1040.95
5/15/15,1043.4
5/14/15,1035.8
5/13/15,1033.88
5/12/15,1029.03
5/11/15,1036.02
5/8/15,1034.94
5/7/15,1024.91
5/6/15,1040.44
5/5/15,1047.93
5/4/15,1048.2
5/1/15,1045.99
4/30/15,1047.78
4/29/15,1059.51
4/28/15,1067.01
4/27/15,1065.62
4/24/15,1060.5
4/23/15,1053.91
4/22/15,1047.61
4/21/15,1042.21
4/20/15,1033.77
4/17/15,1042.68
4/16/15,1052.25
4/15/15,1036.87
4/14/15,1036.77
4/13/15,1041.46
4/10/15,1034.59
4/9/15,1028.63
4/8/15,1021.05
4/7/15,1006.26
4/6/15,1005.86
4/3/15,994.32
4/2/15,992.86
4/1/15,982.93
3/31/15,974.57
3/30/15,968.91
3/27/15,958.11
3/26/15,962.46
3/25/15,976.15
3/24/15,978.25
3/23/15,975.38
3/20/15,969.53
3/19/15,964.97
3/18/15,956.73
3/17/15,949.06
3/16/15,940.57
3/13/15,939.56
3/12/15,948.52
3/11/15,943.03
3/10/15,943.73
3/9/15,959.22
3/6/15,971.23
3/5/15,974.57
3/4/15,976.27
3/3/15,986.2
3/2/15,988.26
2/27/15,990.28
2/26/15,993.82
2/25/15,992.8
2/24/15,987.89
2/23/15,983.47
2/20/15,984.42
2/19/15,985.07
2/18/15,985.01
2/17/15,983.12
2/16/15,984.09
2/13/15,986.65
2/12/15,971.19
2/11/15,961.21
2/10/15,966.83
2/9/15,972.83
2/6/15,978.57
2/5/15,982.21
2/4/15,980.82
2/3/15,976.5
2/2/15,963.8
1/30/15,961.61
1/29/15,973.19
1/28/15,984.65
1/27/15,989.83
1/26/15,988.71
1/23/15,990.89
1/22/15,983.53
1/21/15,976.07
1/20/15,957.28
1/19/15,952.51
1/16/15,957.46
1/15/15,959.97
1/14/15,955.73
1/13/15,959.89
1/12/15,955.53
1/9/15,961.37
1/8/15,958.83
1/7/15,941.18
1/6/15,934.73
1/5/15,940.69
1/2/15,953.72
1/1/15,956.28
12/31/14,956.31
12/30/14,954.58
12/29/14,958.7
12/26/14,952.53
12/25/14,950.61
12/24/14,951.19
12/23/14,951.95
12/22/14,957.57
12/19/14,944.6
12/18/14,935.12
12/17/14,918.15
12/16/14,909.98
12/15/14,924.06
12/12/14,938.41
12/11/14,946.04
12/10/14,958.67
12/9/14,965.41
12/8/14,976.84
12/5/14,985.68
12/4/14,986.91
12/3/14,985.89
12/2/14,984.49
12/1/14,985.08
11/28/14,1004.72
11/27/14,1012.62
11/26/14,1011.97
11/25/14,1009.1
11/24/14,1011.23
11/21/14,1004.35
11/20/14,990.1
11/19/14,989.91
11/18/14,988.66
11/17/14,985.88
11/14/14,990.81
11/13/14,992.72
11/12/14,996.06
11/11/14,993.69
11/10/14,997.66
11/7/14,987.65
11/6/14,991.32
11/5/14,998.44
11/4/14,1007.11
11/3/14,1010.37
10/31/14,1016.07
10/30/14,1007.54
10/29/14,1004.88
10/28/14,992.54
10/27/14,977.8
10/24/14,984.38
10/23/14,981.75
10/22/14,987.09
10/21/14,981.78
10/20/14,981.5
10/17/14,976.76
10/16/14,970.65
10/15/14,982.6
10/14/14,992.08
10/13/14,991.49
10/10/14,989.87
10/9/14,1008.33
10/8/14,998.76
10/7/14,1010.86
10/6/14,1010.32
10/3/14,997.27
10/2/14,992.53
10/1/14,996.86
9/30/14,1005.33
9/29/14,1009.43
9/26/14,1023.91
9/25/14,1025.63
9/24/14,1035.31
9/23/14,1032.79
9/22/14,1040.29
9/19/14,1053.92
9/18/14,1056.37
9/17/14,1062.39
9/16/14,1054.07
9/15/14,1055.78
9/12/14,1061.53
9/11/14,1069.43
9/10/14,1075.22
9/9/14,1087.54
9/8/14,1094.99
9/5/14,1096.83
9/4/14,1100.23
9/3/14,1100.98
9/2/14,1086.73
9/1/14,1090.57
8/29/14,1087.88
8/28/14,1086.98
8/27/14,1093.74
8/26/14,1087.77
8/25/14,1085.29
8/22/14,1083.07
8/21/14,1081.93
8/20/14,1085.08
8/19/14,1084.45
8/18/14,1077.07
8/15/14,1074.51
8/14/14,1072.37
8/13/14,1070.87
8/12/14,1064.42
8/11/14,1061.41
8/8/14,1045.51
8/7/14,1051.22
8/6/14,1056.77
8/5/14,1063.11
8/4/14,1069.3
8/1/14,1060.13
7/31/14,1065.77
7/30/14,1078.75
7/29/14,1080.54
7/28/14,1079.24
7/25/14,1078.69
7/24/14,1080.85
7/23/14,1077.7
7/22/14,1074.48
7/21/14,1063.26
7/18/14,1063.26
7/17/14,1062.59
7/16/14,1066.83
7/15/14,1066.35
7/14/14,1063.66
7/11/14,1058.67
7/10/14,1062.37
7/9/14,1060.93
7/8/14,1064.73
7/7/14,1064.33
7/4/14,1062.4
7/3/14,1062.18
7/2/14,1060.57
7/1/14,1051.39
6/30/14,1050.78
6/27/14,1046.18
6/26/14,1046.81
6/25/14,1041.78
6/24/14,1048.14
6/23/14,1042.33
6/20/14,1043.86
6/19/14,1049.94
6/18/14,1044.57
6/17/14,1043.53
6/16/14,1046.28
6/13/14,1049.14
6/12/14,1054.74
6/11/14,1056.04
6/10/14,1057.59
6/9/14,1048.96
6/6/14,1044.93
6/5/14,1034.98
6/4/14,1031.19
6/3/14,1035.95
6/2/14,1029.5
5/30/14,1027.69
5/29/14,1038.64
5/28/14,1038.23
5/27/14,1032.88
5/26/14,1041.84
5/23/14,1042.92
5/22/14,1041.19
5/21/14,1031.66
5/20/14,1029.91
5/19/14,1035.43
5/16/14,1031.95
5/15/14,1029.1
5/14/14,1032.24
5/13/14,1022.44
5/12/14,1015.81
5/9/14,1006.95
5/8/14,1008.85
5/7/14,1004.5
5/6/14,1003.93
5/5/14,1001.01
5/2/14,1003.39
5/1/14,996.01
4/30/14,995.28
4/29/14,999.93
4/28/14,993.12
4/25/14,993.35
4/24/14,1004.46
4/23/14,1003.79
4/22/14,1008.72
4/21/14,1010.76
4/18/14,1011.87
4/17/14,1009.22
4/16/14,1002.5
4/15/14,999.9
4/14/14,1011.73
4/11/14,1015.44
4/10/14,1021.74
4/9/14,1014.83
4/8/14,1011.49
4/7/14,1004.15
4/4/14,1002.04
4/3/14,1000.17
4/2/14,1004.97
4/1/14,1000.79
3/31/14,994.65
3/28/14,984.91
3/27/14,975.29
3/26/14,968.23
3/25/14,958.49
3/24/14,953.9
3/21/14,944.96
3/20/14,940.7
3/19/14,950.59
3/18/14,952.48
3/17/14,943.22
3/14/14,937.69
3/13/14,943.19
3/12/14,944.63
3/11/14,955.89
3/10/14,955.02
3/7/14,966.72
3/6/14,970.27
3/5/14,959.18
3/4/14,956.19
3/3/14,950.68
2/28/14,966.42
2/27/14,963.23
2/26/14,956.26
2/25/14,955.54
2/24/14,958.42
2/21/14,959.26
2/20/14,950.62
2/19/14,959.09
2/18/14,958.87
2/17/14,964.29
2/14/14,957.31
2/13/14,945.83
2/12/14,953.3
2/11/14,944.75
2/10/14,935.5
2/7/14,937.3
2/6/14,929.8
2/5/14,916.56
2/4/14,917.74
2/3/14,926.74
1/31/14,936.53
1/30/14,936.37
1/29/14,936.67
1/28/14,934.09
1/27/14,931.64
1/24/14,949.83
1/23/14,963.91
1/22/14,976.4
1/21/14,970.68
1/20/14,970.75
1/17/14,972.2
1/16/14,974.57
1/15/14,977.8
1/14/14,975.28
1/13/14,977.42
1/10/14,970.15
1/9/14,963.11
1/8/14,973.17
1/7/14,971.48
1/6/14,972.42
1/3/14,979.49
1/2/14,990.79
1/1/14,1002.66
12/31/13,1002.69
12/30/13,1001.9
12/27/13,997.56
12/26/13,993.18
12/25/13,994.87
12/24/13,995.35
12/23/13,992.69
12/20/13,988.26
12/19/13,990.65
12/18/13,992.7
12/17/13,990.49
12/16/13,990.4
12/13/13,990.48
12/12/13,991.52
12/11/13,1002.55
12/10/13,1012.32
12/9/13,1012.76
12/6/13,1002.2
12/5/13,998.45
12/4/13,995.75
12/3/13,1002.71
12/2/13,1013.44
11/29/13,1018.28
11/28/13,1012.02
11/27/13,1008.81
11/26/13,1005.4
11/25/13,1010.63
11/22/13,1009.17
11/21/13,1004.24
11/20/13,1019.57
11/19/13,1024.53
11/18/13,1025.3
11/15/13,1005.17
11/14/13,991.77
11/13/13,979.88
11/12/13,991.45
11/11/13,992.99
11/8/13,995.3
11/7/13,1010.19
11/6/13,1016.19
11/5/13,1016.3
11/4/13,1027.06
11/1/13,1027.87
10/31/13,1034.42
10/30/13,1042.75
10/29/13,1036.76
10/28/13,1034.38
10/25/13,1027.27
10/24/13,1030.82
10/23/13,1033.47
10/22/13,1044.66
10/21/13,1042.66
10/18/13,1042.06
10/17/13,1033.97
10/16/13,1031.27
10/15/13,1029.85
10/14/13,1022.65
10/11/13,1023.21
10/10/13,1014.05
10/9/13,1005.69
10/8/13,1008.89
10/7/13,1004.66
10/4/13,1007.92
10/3/13,1005.25
10/2/13,997.85
10/1/13,996.34
9/30/13,987.46
9/27/13,999.88
9/26/13,1003
9/25/13,1007.55
9/24/13,1010.56
9/23/13,1016.3
9/20/13,1013.17
9/19/13,1022.54
9/18/13,1000.99
9/17/13,1002.44
9/16/13,1001.76
9/13/13,986.84
9/12/13,990.41
9/11/13,991.94
9/10/13,991.36
9/9/13,973.79
9/6/13,955.73
9/5/13,947.67
9/4/13,937.79
9/3/13,933.94
9/2/13,938.29
8/30/13,929.54
8/29/13,920.84
8/28/13,909.81
8/27/13,915.44
8/26/13,932.78
8/23/13,932.76
8/22/13,922.28
8/21/13,924.19
8/20/13,932.15
8/19/13,944.88
8/16/13,958.11
8/15/13,960.48
8/14/13,967.92
8/13/13,965.94
8/12/13,957.82
8/9/13,951.37
8/8/13,946.39
8/7/13,937.86
8/6/13,946.3
8/5/13,956.4
8/2/13,955.35
8/1/13,954.15
7/31/13,947.55
7/30/13,953.65
7/29/13,953.86
7/26/13,961.53
7/25/13,962.36
7/24/13,966.5
7/23/13,969.04
7/22/13,954
7/19/13,950.47
7/18/13,957.44
7/17/13,959.37
7/16/13,953.02
7/15/13,952.23
7/12/13,945.36
7/11/13,942.88
7/10/13,915.63
7/9/13,912.71
7/8/13,905.96
7/5/13,917.58
7/4/13,922.1
7/3/13,912.18
7/2/13,932.12
7/1/13,941.93
6/28/13,940.33
6/27/13,919.46
6/26/13,901.98
6/25/13,885.85
6/24/13,883.34
6/21/13,900.54
6/20/13,908.49
6/19/13,946.77
6/18/13,953.54
6/17/13,957.12
6/14/13,953.68
6/13/13,943.59
6/12/13,954.38
6/11/13,954.38
6/10/13,972.89
6/7/13,980.64
6/6/13,985.05
6/5/13,991.38
6/4/13,1004.03
6/3/13,998.55
5/31/13,1008.88
5/30/13,1016.02
5/29/13,1020.42
5/28/13,1030.82
5/27/13,1028.53
5/24/13,1026.68
5/23/13,1025.92
5/22/13,1048.09
5/21/13,1048.13
5/20/13,1048.15
5/17/13,1045.76
5/16/13,1046.33
5/15/13,1046.1
5/14/13,1046.18
5/13/13,1041.9
5/10/13,1050.74
5/9/13,1060.58
5/8/13,1061.09
5/7/13,1052.48
5/6/13,1046.02
5/3/13,1042.26
5/2/13,1037.33
5/1/13,1038.12
4/30/13,1039.45
4/29/13,1027.42
4/26/13,1022.36
4/25/13,1027.3
4/24/13,1017.71
4/23/13,1009.81
4/22/13,1011.96
4/19/13,1011.17
4/18/13,997.33
4/17/13,1001.1
4/16/13,1008.92
4/15/13,1003.29
4/12/13,1019.61
4/11/13,1029.22
4/10/13,1024.49
4/9/13,1015.93
4/8/13,1007.14
4/5/13,1008.13
4/4/13,1017.06
4/3/13,1024.99
4/2/13,1029.1
4/1/13,1031.15
3/29/13,1034.9
3/28/13,1032.62
3/27/13,1032.05
3/26/13,1028.65
3/25/13,1022.27
3/22/13,1015.47
3/21/13,1022.43
3/20/13,1026.35
3/19/13,1024.96
3/18/13,1030.11
3/15/13,1042.24
3/14/13,1047.7
3/13/13,1049.08
3/12/13,1057.65
3/11/13,1063.56
3/8/13,1065.94
3/7/13,1057.92
3/6/13,1059.84
3/5/13,1049.94
3/4/13,1041.28
3/1/13,1053.13
2/28/13,1054.62
2/27/13,1046.56
2/26/13,1042.71
2/25/13,1054.41
2/22/13,1053.39
2/21/13,1053.14
2/20/13,1068.46
2/19/13,1063.99
2/18/13,1064.34
2/15/13,1066.52
2/14/13,1065.84
2/13/13,1064.88
2/12/13,1059.03
2/11/13,1058.75
2/8/13,1060.87
2/7/13,1059.56
2/6/13,1063.75
2/5/13,1067.61
2/4/13,1072.73
2/1/13,1072.82
1/31/13,1069.01
1/30/13,1068.2
1/29/13,1069.88
1/28/13,1062.06
1/25/13,1069.12
1/24/13,1072.26
1/23/13,1076.53
1/22/13,1079.07
1/21/13,1078.05
1/18/13,1080.74
1/17/13,1073.15
1/16/13,1071.21
1/15/13,1073.48
1/14/13,1080.71
1/11/13,1073.04
1/10/13,1076.99
1/9/13,1073.03
1/8/13,1069.86
1/7/13,1075.76
1/4/13,1077.9
1/3/13,1082.68
1/2/13,1078.16
1/1/13,1055.76
12/31/12,1055.2
12/28/12,1055.18
12/27/12,1049.45
12/26/12,1046.65
12/25/12,1045.41
12/24/12,1043.73
12/21/12,1043.03
12/20/12,1052.68
12/19/12,1053.17
12/18/12,1046.24
12/17/12,1040.02
12/14/12,1042.82
12/13/12,1042.56
12/12/12,1041.37
12/11/12,1034.55
12/10/12,1029.06
12/7/12,1024.06
12/6/12,1021.26
12/5/12,1017.37
12/4/12,1007.27
12/3/12,1007.68
11/30/12,1007.02
11/29/12,1003.79
11/28/12,991.27
11/27/12,996.44
11/26/12,995.1
11/23/12,995.94
11/22/12,985.72
11/21/12,980.84
11/20/12,979.49
11/19/12,977.98
11/16/12,969.82
11/15/12,974.33
11/14/12,980.62
11/13/12,982.17
11/12/12,989.27
11/9/12,990.98
11/8/12,995.31
11/7/12,1007.45
11/6/12,1006.27
11/5/12,1000.8
11/2/12,1004.68
11/1/12,999.63
10/31/12,995.33
10/30/12,993.15
10/29/12,990.24
10/26/12,990.7
10/25/12,999.12
10/24/12,994.55
10/23/12,996.82
10/22/12,1007.31
10/19/12,1006.07
10/18/12,1013.36
10/17/12,1010.85
10/16/12,1003.35
10/15/12,995.22
10/12/12,996.7
10/11/12,995.95
10/10/12,992.09
10/9/12,996.59
10/8/12,997.93
10/5/12,1009.16
10/4/12,1005.52
10/3/12,1002.5
10/2/12,1006.23
10/1/12,1005.08
9/28/12,1002.66
9/27/12,998.36
9/26/12,990.37
9/25/12,1001.85
9/24/12,1004.37
9/21/12,1006.6
9/20/12,998.27
9/19/12,1009.44
9/18/12,1006.84
9/17/12,1012.63
9/14/12,1014.07
9/13/12,982
9/12/12,978.48
9/11/12,973.09
9/10/12,969.97
9/7/12,968.82
9/6/12,950.45
9/5/12,939.51
9/4/12,947.37
9/3/12,952.83
8/31/12,947.33
8/30/12,944.39
8/29/12,952.91
8/28/12,956.76
8/27/12,960.86
8/24/12,965.47
8/23/12,974.09
8/22/12,969.43
8/21/12,975.46
8/20/12,969.21
8/17/12,971.05
8/16/12,975.82
8/15/12,974.23
8/14/12,977.25
8/13/12,972.59
8/10/12,979.25
8/9/12,979.28
8/8/12,970.6
8/7/12,967.85
8/6/12,967.44
8/3/12,952.79
8/2/12,944.94
8/1/12,954.22
7/31/12,952.49
7/30/12,948.97
7/27/12,941.76
7/26/12,916.44
7/25/12,905.65
7/24/12,909.43
7/23/12,912.47
7/20/12,936.87
7/19/12,941.13
7/18/12,930.9
7/17/12,933.14
7/16/12,926.73
7/13/12,926.13
7/12/12,914.07
7/11/12,932.38