date,USDXY
1/1/73,107.616
2/1/73,103.046
3/1/73,100
4/1/73,100.376
5/1/73,99.263
6/1/73,97.483
7/1/73,94.995
8/1/73,96.633
9/1/73,95.849
10/1/73,96.122
11/1/73,97.984
12/1/73,98.292
1/1/74,99.687
2/1/74,97.239
3/1/74,95.777
4/1/74,94.154
5/1/74,93.659
6/1/74,94.423
7/1/74,94.562
8/1/74,95.938
9/1/74,96.492
10/1/74,95.846
11/1/74,95.147
12/1/74,94.697
1/1/75,93.975
2/1/75,92.848
3/1/75,92.289
4/1/75,92.8
5/1/75,92.394
6/1/75,92.665
7/1/75,95.062
8/1/75,96.026
9/1/75,96.557
10/1/75,96.302
11/1/75,96.155
12/1/75,96.352
1/1/76,95.42
2/1/76,94.613
3/1/76,94.505
4/1/76,94.476
5/1/76,94.547
6/1/76,94.559
7/1/76,94.105
8/1/76,93.871
9/1/76,94.378
10/1/76,94.419
11/1/76,94.79
12/1/76,94.446
1/1/77,93.719
2/1/77,94.268
3/1/77,94.278
4/1/77,94.02
5/1/77,93.803
6/1/77,93.66
7/1/77,92.742
8/1/77,92.868
9/1/77,92.708
10/1/77,91.722
11/1/77,91.109
12/1/77,89.705
1/1/78,89.069
2/1/78,88.979
3/1/78,88.556
4/1/78,88.638
5/1/78,89.624
6/1/78,88.79
7/1/78,86.908
8/1/78,85.164
9/1/78,85.619
10/1/78,84.133
11/1/78,85.925
12/1/78,86.23
1/1/79,86.239
2/1/79,87.082
3/1/79,87.28
4/1/79,88.228
5/1/79,89.27
6/1/79,89.457
7/1/79,87.811
8/1/79,88.261
9/1/79,88.291
10/1/79,89.181
11/1/79,90.29
12/1/79,89.588
1/1/80,88.874
2/1/80,89.674
3/1/80,92.483
4/1/80,93.206
5/1/80,90.264
6/1/80,88.923
7/1/80,88.042
8/1/80,88.758
9/1/80,88.136
10/1/80,88.309
11/1/80,89.753
12/1/80,90.621
1/1/81,89.747
2/1/81,92.14
3/1/81,92.302
4/1/81,93.886
5/1/81,96.383
6/1/81,98.347
7/1/81,100.453
8/1/81,101.942
9/1/81,99.947
10/1/81,99.181
11/1/81,97.46
12/1/81,97.197
1/1/82,98.191
2/1/82,100.965
3/1/82,103.216
4/1/82,103.7
5/1/82,102.522
6/1/82,106.916
7/1/82,108.478
8/1/82,110.309
9/1/82,110.839
10/1/82,110.974
11/1/82,110.041
12/1/82,107.047
1/1/83,106.255
2/1/83,107.158
3/1/83,107.724
4/1/83,109.066
5/1/83,109.292
6/1/83,110.775
7/1/83,111.495
8/1/83,113.021
9/1/83,113.237
10/1/83,112.013
11/1/83,112.923
12/1/83,113.845
1/1/84,114.606
2/1/84,113.532
3/1/84,112.448
4/1/84,113.381
5/1/84,115.4
6/1/84,116.2
7/1/84,119.251
8/1/84,119.549
9/1/84,122.188
10/1/84,123.264
11/1/84,121.718
12/1/84,123.401
1/1/85,124.761
2/1/85,128.033
3/1/85,128.437
4/1/85,125.096
5/1/85,125.848
6/1/85,124.942
7/1/85,121.866
8/1/85,121.365
9/1/85,122.37
10/1/85,117.813
11/1/85,116.461
12/1/85,115.79
1/1/86,114.816
2/1/86,111.414
3/1/86,109.365
4/1/86,108.382
5/1/86,106.668
6/1/86,107.658
7/1/86,105.783
8/1/86,104.454
9/1/86,104.676
10/1/86,104.769
11/1/86,105.711
12/1/86,105.049
1/1/87,102.187
2/1/87,101.257
3/1/87,100.711
4/1/87,98.666
5/1/87,98.065
6/1/87,99.141
7/1/87,100.271
8/1/87,99.863
9/1/87,98.435
10/1/87,98.11
11/1/87,94.806
12/1/87,92.37
1/1/88,92.135
2/1/88,92.515
3/1/88,91.251
4/1/88,90.493
5/1/88,90.703
6/1/88,91.803
7/1/88,93.784
8/1/88,94.586
9/1/88,94.731
10/1/88,92.648
11/1/88,90.376
12/1/88,89.847
1/1/89,91.272
2/1/89,91.425
3/1/89,92.731
4/1/89,93.091
5/1/89,94.794
6/1/89,96.225
7/1/89,94.531
8/1/89,94.746
9/1/89,95.408
10/1/89,94.065
11/1/89,94.083
12/1/89,93.175
1/1/90,92.847
2/1/90,92.967
3/1/90,94.102
4/1/90,94.007
5/1/90,93.01
6/1/90,93.307
7/1/90,91.657
8/1/90,90.248
9/1/90,89.349
10/1/90,87.59
11/1/90,87.358
12/1/90,88.232
1/1/91,87.979
2/1/91,86.881
3/1/91,89.778
4/1/91,90.746
5/1/91,91.074
6/1/91,92.212
7/1/91,91.983
8/1/91,91.005
9/1/91,90
10/1/91,89.316
11/1/91,87.996
12/1/91,87.176
1/1/92,86.92
2/1/92,87.994
3/1/92,89.707
4/1/92,89.179
5/1/92,88.298
6/1/92,87.141
7/1/92,85.902
8/1/92,85.408
9/1/92,85.656
10/1/92,87.32
11/1/92,89.917
12/1/92,89.983
1/1/93,90.628
2/1/93,90.712
3/1/93,90.071
4/1/93,88.28
5/1/93,88.15
6/1/93,88.394
7/1/93,89.069
8/1/93,88.662
9/1/93,88.096
10/1/93,88.767
11/1/93,89.398
12/1/93,89.314
1/1/94,91.365
2/1/94,90.817
3/1/94,90.818
4/1/94,90.681
5/1/94,89.919
6/1/94,89.607
7/1/94,88.291
8/1/94,88.032
9/1/94,87.025
10/1/94,86.31
11/1/94,86.493
12/1/94,88.125
1/1/95,89.583
2/1/95,88.908
3/1/95,87.782
4/1/95,84.756
5/1/95,84.3
6/1/95,84.234
7/1/95,84.049
8/1/95,85.928
9/1/95,86.802
10/1/95,86.684
11/1/95,87.443
12/1/95,87.673
1/1/96,88.278
2/1/96,88.187
3/1/96,88.251
4/1/96,88.27
5/1/96,88.509
6/1/96,88.787
7/1/96,88.699
8/1/96,88.099
9/1/96,88.508
10/1/96,88.977
11/1/96,88.537
12/1/96,89.086
1/1/97,89.846
2/1/97,91.393
3/1/97,92.309
4/1/97,92.665
5/1/97,91.575
6/1/97,91.135
7/1/97,92.16
8/1/97,93.711
9/1/97,93.953
10/1/97,94.614
11/1/97,95.997
12/1/97,99.362
1/1/98,102.108
2/1/98,100.39
3/1/98,100.06
4/1/98,99.785
5/1/98,100.562
6/1/98,102.727
7/1/98,103.031
8/1/98,104.641
9/1/98,102.837
10/1/98,99.946
11/1/98,99.608
12/1/98,98.711
1/1/99,98.788
2/1/99,100.005
3/1/99,101.095
4/1/99,100.999
5/1/99,100.719
6/1/99,101.152
7/1/99,101.423
8/1/99,100.428
9/1/99,100.005
10/1/99,99.537
11/1/99,99.833
12/1/99,99.933
1/1/00,99.871
2/1/00,101.233
3/1/00,101.71
4/1/00,102.282
5/1/00,104.515
6/1/00,103.619
7/1/00,103.893
8/1/00,104.368
9/1/00,105.843
10/1/00,107.344
11/1/00,107.956
12/1/00,107.105
1/1/01,107.458
2/1/01,108.267
3/1/01,109.861
4/1/01,110.499
5/1/01,110.543
6/1/01,111.364
7/1/01,111.493
8/1/01,109.517
9/1/01,110.129
10/1/01,110.519
11/1/01,110.999
12/1/01,110.944
1/1/02,112.174
2/1/02,112.767
3/1/02,112.155
4/1/02,111.927
5/1/02,110.419
6/1/02,108.955
7/1/02,107.364
8/1/02,108.653
9/1/02,109.487
10/1/02,110.283
11/1/02,109.058
12/1/02,108.482
1/1/03,107.183
2/1/03,107.322
3/1/03,106.834
4/1/03,105.664
5/1/03,102.119
6/1/03,101.613
7/1/03,102.877
8/1/03,104.24
9/1/03,103.178
10/1/03,100.866
11/1/03,100.468
12/1/03,99.121
1/1/04,97.648
2/1/04,98.246
3/1/04,99.156
4/1/04,99.746
5/1/04,101.485
6/1/04,100.643
7/1/04,99.858
8/1/04,99.823
9/1/04,99.547
10/1/04,98.383
11/1/04,96.184
12/1/04,95.058
1/1/05,95.45
2/1/05,95.698
3/1/05,95.307
4/1/05,96.234
5/1/05,96.47
6/1/05,97.334
7/1/05,97.987
8/1/05,97.148
9/1/05,98.022
10/1/05,98.909
11/1/05,99.049
12/1/05,98.264
1/1/06,97.124
2/1/06,97.313
3/1/06,97.516
4/1/06,97.021
5/1/06,95.1
6/1/06,96.341
7/1/06,96.491
8/1/06,96.056
9/1/06,95.737
10/1/06,95.465
11/1/06,94.484
12/1/06,93.888
1/1/07,94.827
2/1/07,94.65
3/1/07,94.417
4/1/07,93.291
5/1/07,92.63
6/1/07,92.359
7/1/07,90.979
8/1/07,91.175
9/1/07,90.096
10/1/07,88.163
11/1/07,87.124
12/1/07,87.769
1/1/08,87.111
2/1/08,86.054
3/1/08,84.386
4/1/08,83.957
5/1/08,84.308
6/1/08,84.802
7/1/08,84.398
8/1/08,86.461
9/1/08,88.575
10/1/08,93.654
11/1/08,94.491
12/1/08,92.996
1/1/09,93.777
2/1/09,96.406
3/1/09,96.618
4/1/09,94.222
5/1/09,91.496
6/1/09,90.868
7/1/09,90.433
8/1/09,89.366
9/1/09,88.735
10/1/09,87.592
11/1/09,87.156
12/1/09,87.389
1/1/10,87.401
2/1/10,88.406
3/1/10,87.527
4/1/10,86.925
5/1/10,89.108
6/1/10,89.45
7/1/10,87.977
8/1/10,87.207
9/1/10,86.27
10/1/10,83.912
11/1/10,83.955
12/1/10,84.593
1/1/11,83.567
2/1/11,82.989
3/1/11,82.308
4/1/11,81.026
5/1/11,81.052
6/1/11,80.834
7/1/11,80.241
8/1/11,80.789
9/1/11,83.46
10/1/11,84.036
11/1/11,84.562
12/1/11,85.247
1/1/12,84.59
2/1/12,83.33
3/1/12,83.694
4/1/12,83.898
5/1/12,85.128
6/1/12,86.229
7/1/12,85.72
8/1/12,85.16
9/1/12,84.012
10/1/12,83.817
11/1/12,84.099
12/1/12,83.388
1/1/13,83.266
2/1/13,84.123
3/1/13,84.521
4/1/13,83.925
5/1/13,84.226
6/1/13,84.877
7/1/13,85.325
8/1/13,85.263
9/1/13,84.862
10/1/13,83.908
11/1/13,84.566
12/1/13,84.746
1/1/14,85.527
2/1/14,85.697
3/1/14,85.621
4/1/14,85.197
5/1/14,84.881
6/1/14,84.958
7/1/14,84.719
8/1/14,85.354
9/1/14,86.482
10/1/14,87.439
11/1/14,88.675
12/1/14,90.461
1/1/15,91.964
2/1/15,93.138
3/1/15,94.832
4/1/15,93.808
5/1/15,93.17
6/1/15,93.959
7/1/15,95.544
8/1/15,97.172
9/1/15,97.66
10/1/15,96.736
11/1/15,98.218
12/1/15,98.991
1/1/16,101.167
2/1/16,99.878
3/1/16,97.876
4/1/16,96.433
5/1/16,97.495
6/1/16,97.926
7/1/16,98.463
8/1/16,97.692
9/1/16,98.367
10/1/16,99.299
11/1/16,101.648
12/1/16,103.33
1/1/17,103.089
2/1/17,101.779
3/1/17,101.08
4/1/17,100.085
5/1/17,99.533
6/1/17,98.229
7/1/17,96.8
8/1/17,95.847
9/1/17,95.101
10/1/17,96.66
11/1/17,96.812
12/1/17,96.468
1/1/18,94.316
2/1/18,94.721
3/1/18,95.005
4/1/18,94.999
5/1/18,97.524
6/1/18,99.022
7/1/18,99.335
8/1/18,100.281
9/1/18,100.262
10/1/18,100.913
11/1/18,101.984
12/1/18,102.003
1/1/19,100.401
2/1/19,100.403
3/1/19,100.772
4/1/19,100.746
5/1/19,101.603
6/1/19,101.134
7/1/19,100.915
8/1/19,102.809
9/1/19,102.766
10/1/19,102.203
11/1/19,101.954
12/1/19,101.464
10/14/22,112.47
10/13/22,113.24
10/12/22,113.31
10/11/22,113.08
10/10/22,112.84
10/7/22,112.25
10/6/22,111.02
10/5/22,110.22
10/4/22,111.59
10/3/22,112.17
9/30/22,111.75
9/29/22,113.01
9/28/22,114.19
9/27/22,114.02
9/26/22,113.02
9/23/22,111.24
9/22/22,111.48
9/21/22,110.16
9/20/22,109.58
9/19/22,109.64
9/16/22,109.8
9/15/22,109.61
9/14/22,109.97
9/13/22,108.23
9/12/22,108.6
9/9/22,109.58
9/8/22,109.67
9/7/22,110.32
9/6/22,109.6
9/5/22,109.61
9/2/22,109.64
9/1/22,108.84
8/31/22,108.75
8/30/22,108.7
8/29/22,108.88
8/26/22,108.47
8/25/22,108.63
8/24/22,108.52
8/23/22,109
8/22/22,108.09
8/19/22,107.5
8/18/22,106.67
8/17/22,106.45
8/16/22,106.48
8/15/22,105.66
8/12/22,105.16
8/11/22,105.21
8/10/22,106.34
8/9/22,106.33
8/8/22,106.6
8/5/22,105.72
8/4/22,106.48
8/3/22,106.43
8/2/22,105.36
8/1/22,105.88
7/29/22,106.21
7/28/22,106.37
7/27/22,107.13
7/26/22,106.45
7/25/22,106.59
7/22/22,106.59
7/21/22,107.08
7/20/22,106.67
7/19/22,107.49
7/18/22,108.01
7/15/22,108.67
7/14/22,108.14
7/13/22,108.19
7/12/22,108.18
7/11/22,106.93
7/8/22,107.04
7/7/22,107.07
7/6/22,106.49
7/5/22,105.14
7/4/22,105.14
7/1/22,104.78
6/30/22,105.06
6/29/22,104.46
6/28/22,103.97
6/27/22,104.12
6/24/22,104.38
6/23/22,104.21
6/22/22,104.43
6/21/22,104.44
6/20/22,104.65
6/17/22,103.88
6/16/22,104.9
6/15/22,105.35
6/14/22,105.19
6/13/22,104.21
6/10/22,103.34
6/9/22,102.56
6/8/22,102.39
6/7/22,102.49
6/6/22,102.16
6/3/22,101.75
6/2/22,102.55
6/1/22,101.76
5/31/22,101.44
5/30/22,101.66
5/27/22,101.72
5/26/22,102.02
5/25/22,101.77
5/24/22,102.11
5/23/22,103.04
5/20/22,102.9
5/19/22,103.83
5/18/22,103.34
5/17/22,104.17
5/16/22,104.47
5/13/22,104.77
5/12/22,104.01
5/11/22,103.9
5/10/22,103.73
5/9/22,103.66
5/6/22,103.56
5/5/22,102.68
5/4/22,103.46
5/3/22,103.6
5/2/22,103.18
4/29/22,103.67
4/28/22,103.04
4/27/22,102.28
4/26/22,101.73
4/25/22,101.06
4/22/22,100.62
4/21/22,100.35
4/20/22,100.98
4/19/22,100.83
4/18/22,100.5
4/15/22,100.42
4/14/22,99.79
4/13/22,100.34
4/12/22,100.03
4/11/22,99.84
4/8/22,99.82
4/7/22,99.65
4/6/22,99.47
4/5/22,99
4/4/22,98.57
4/1/22,98.33
3/31/22,97.83
3/30/22,98.37
3/29/22,99.08
3/28/22,98.8
3/25/22,98.75
3/24/22,98.64
3/23/22,98.47
3/22/22,98.49
3/21/22,98.24
3/18/22,98
3/17/22,98.5
3/16/22,98.89
3/15/22,99.13
3/14/22,99.08
3/11/22,98.36
3/10/22,98.06
3/9/22,99.12
3/8/22,99.24
3/7/22,98.57
3/4/22,98.04
3/3/22,97.47
3/2/22,97.37
3/1/22,96.77
2/28/22,97.25
2/25/22,97
2/24/22,96.22
2/23/22,96.04
2/22/22,96.08
2/21/22,96.11
2/18/22,95.83
2/17/22,95.77
2/16/22,96.01
2/15/22,96.24
2/14/22,96.05
2/11/22,95.94
2/10/22,95.57
2/9/22,95.59
2/8/22,95.43
2/7/22,95.44
2/4/22,95.31
2/3/22,96.02
2/2/22,96.27
2/1/22,96.7
1/31/22,97.25
1/28/22,97.25
1/27/22,96.55
1/26/22,95.96
1/25/22,95.93
1/24/22,95.64
1/21/22,95.81
1/20/22,95.59
1/19/22,95.77
1/18/22,95.22
1/17/22,95.15
1/14/22,94.87
1/13/22,94.99
1/12/22,95.58
1/11/22,95.93
1/10/22,95.74
1/7/22,96.26
1/6/22,96.2
1/5/22,96.31
1/4/22,96.19
1/3/22,95.65
12/31/21,95.99
12/30/21,95.89
12/29/21,96.15
12/28/21,96.06
12/27/21,96.15
12/24/21,96.03
12/23/21,96.03
12/22/21,96.47
12/21/21,96.54
12/20/21,96.67
12/17/21,96
12/16/21,96.43
12/15/21,96.55
12/14/21,96.35
12/13/21,96.09
12/10/21,96.22
12/9/21,95.96
12/8/21,96.26
12/7/21,96.3
12/6/21,96.16
12/3/21,96.12
12/2/21,96.07
12/1/21,95.94
11/30/21,96.22
11/29/21,96.16
11/26/21,96.72
11/25/21,96.81
11/24/21,96.53
11/23/21,96.46
11/22/21,96.04
11/19/21,95.58
11/18/21,95.8
11/17/21,95.94
11/16/21,95.47
11/15/21,95.12
11/12/21,95.18
11/11/21,94.84
11/10/21,93.98
11/9/21,94.09
11/8/21,94.25
11/5/21,94.34
11/4/21,93.86
11/3/21,94.12
11/2/21,93.93
11/1/21,94.14
10/29/21,93.36
10/28/21,93.88
10/27/21,93.97
10/26/21,93.97
10/25/21,93.66
10/22/21,93.75
10/21/21,93.58
10/20/21,93.81
10/19/21,93.95
10/18/21,93.95
10/15/21,94.03
10/14/21,94.02
10/13/21,94.52
10/12/21,94.37
10/11/21,94.1
10/8/21,94.21
10/7/21,94.23
10/6/21,93.99
10/5/21,93.83
10/4/21,94.05
10/1/21,94.31
9/30/21,94.35
9/29/21,93.72
9/28/21,93.41
9/27/21,93.28
9/24/21,93.07
9/23/21,93.48
9/22/21,93.22
9/21/21,93.24
9/20/21,93.25
9/17/21,92.88
9/16/21,92.46
9/15/21,92.68
9/14/21,92.62
9/13/21,92.61
9/10/21,92.53
9/9/21,92.71
9/8/21,92.54
9/7/21,92.2
9/6/21,92.13
9/3/21,92.22
9/2/21,92.51
9/1/21,92.66
8/31/21,92.7
8/30/21,92.7
8/27/21,93.03
8/26/21,92.83
8/25/21,92.88
8/24/21,92.99
8/23/21,93.48
8/20/21,93.56
8/19/21,93.14
8/18/21,93.14
8/17/21,92.62
8/16/21,92.53
8/13/21,92.97
8/12/21,92.89
8/11/21,93.07
8/10/21,92.98
8/9/21,92.78
8/6/21,92.27
8/5/21,92.28
8/4/21,92.04
8/3/21,92.06
8/2/21,92.09
7/30/21,91.85
7/29/21,92.27
7/28/21,92.46
7/27/21,92.63
7/26/21,92.91
7/23/21,92.81
7/22/21,92.8
7/21/21,92.97
7/20/21,92.88
7/19/21,92.69
7/16/21,92.59
7/15/21,92.39
7/14/21,92.8
7/13/21,92.23
7/12/21,92.13
7/9/21,92.36
7/8/21,92.7
7/7/21,92.53
7/6/21,92.24
7/5/21,92.23
7/2/21,92.57
7/1/21,92.35
6/30/21,92.08
6/29/21,91.88
6/28/21,91.8
6/25/21,91.83
6/24/21,91.8
6/23/21,91.73
6/22/21,91.88
6/21/21,92.31
6/18/21,91.88
6/17/21,91.42
6/16/21,90.54
6/15/21,90.48
6/14/21,90.5
6/11/21,90.07
6/10/21,90.14
6/9/21,90.13
6/8/21,89.98
6/7/21,90.13
6/4/21,90.47
6/3/21,89.93
6/2/21,89.92
6/1/21,89.81
5/31/21,90.03
5/28/21,90.03
5/27/21,90.08
5/26/21,89.69
5/25/21,89.85
5/24/21,90.03
5/21/21,89.78
5/20/21,90.21
5/19/21,89.78
5/18/21,90.18
5/17/21,90.3
5/14/21,90.76
5/13/21,90.75
5/12/21,90.19
5/11/21,90.24
5/10/21,90.21
5/7/21,90.88
5/6/21,91.27
5/5/21,91.28
5/4/21,91
5/3/21,91.3
4/30/21,90.63
4/29/21,90.55
4/28/21,90.9
4/27/21,90.88
4/26/21,90.86
4/23/21,91.29
4/22/21,91.11
4/21/21,91.21
4/20/21,91.05
4/19/21,91.58
4/16/21,91.66
4/15/21,91.63
4/14/21,91.83
4/13/21,92.08
4/12/21,92.18
4/9/21,92.07
4/8/21,92.42
4/7/21,92.32
4/6/21,92.57
4/5/21,93.01
4/2/21,92.89
4/1/21,93.22
3/31/21,93.24
3/30/21,92.91
3/29/21,92.74
3/26/21,92.81
3/25/21,92.6
3/24/21,92.39
3/23/21,91.8
3/22/21,91.74
3/19/21,91.83
3/18/21,91.4
3/17/21,91.86
3/16/21,91.83
3/15/21,91.68
3/12/21,91.43
3/11/21,91.79
3/10/21,92.05
3/9/21,92.46
3/8/21,91.94
3/5/21,91.66
3/4/21,91.01
3/3/21,90.79
3/2/21,91.03
3/1/21,90.93
2/26/21,90.36
2/25/21,90.07
2/24/21,90.1
2/23/21,90.02
2/22/21,90.32
2/19/21,90.57
2/18/21,90.9
2/17/21,90.71
2/16/21,90.29
2/15/21,90.42
2/12/21,90.41
2/11/21,90.46
2/10/21,90.49
2/9/21,90.91
2/8/21,91.03
2/5/21,91.49
2/4/21,91.09
2/3/21,91.05
2/2/21,91
2/1/21,90.53
1/29/21,90.56
1/28/21,90.73
1/27/21,90.15
1/26/21,90.39
1/25/21,90.24
1/22/21,90.05
1/21/21,90.42
1/20/21,90.41
1/19/21,90.73
1/18/21,90.76
1/15/21,90.22
1/14/21,90.28
1/13/21,90
1/12/21,90.52
1/11/21,90.03
1/8/21,89.83
1/7/21,89.32
1/6/21,89.48
1/5/21,89.9
1/4/21,89.93
12/31/20,89.93
12/30/20,89.98
12/29/20,90.21
12/28/20,90.22
12/25/20,90.33
12/24/20,90.28
12/23/20,90.52
12/22/20,90.09
12/21/20,90.15
12/18/20,89.83
12/17/20,90.27
12/16/20,90.49
12/15/20,90.69
12/14/20,90.76
12/11/20,90.74
12/10/20,91.06
12/9/20,90.92
12/8/20,90.9
12/7/20,90.79
12/4/20,90.71
12/3/20,91.06
12/2/20,91.19
12/1/20,91.94
11/30/20,91.78
11/27/20,92.02
11/26/20,91.95
11/25/20,92.11
11/24/20,92.53
11/23/20,92.37
11/20/20,92.34
11/19/20,92.56
11/18/20,92.44
11/17/20,92.49
11/16/20,92.72
11/13/20,92.95
11/12/20,93.01
11/11/20,92.7
11/10/20,92.76
11/9/20,92.23
11/6/20,92.57
11/5/20,93.34
11/4/20,93.09
11/3/20,94.05
11/2/20,93.89
10/30/20,93.92
10/29/20,93.46
10/28/20,93.15
10/27/20,93.07
10/26/20,92.76
10/23/20,92.93
10/22/20,92.67
10/21/20,93.05
10/20/20,93.42
10/19/20,93.7
10/16/20,93.8
10/15/20,93.43
10/14/20,93.54
10/13/20,93.03
10/12/20,93.06
10/9/20,93.56
10/8/20,93.61
10/7/20,93.83
10/6/20,93.44
10/5/20,93.87
10/2/20,93.73
10/1/20,93.8
9/30/20,93.85
9/29/20,94.24
9/28/20,94.6
9/25/20,94.32
9/24/20,94.38
9/23/20,93.99
9/22/20,93.55
9/21/20,92.97
9/18/20,92.86
9/17/20,93.15
9/16/20,93.08
9/15/20,93.06
9/14/20,93.29
9/11/20,93.33
9/10/20,93.23
9/9/20,93.58
9/8/20,93.05
9/7/20,92.97
9/4/20,92.8
9/3/20,92.66
9/2/20,92.28
9/1/20,92.18
8/31/20,92.3
8/28/20,93.02
8/27/20,92.85
8/26/20,93.02
8/25/20,93.28
8/24/20,93.2
8/21/20,92.72
8/20/20,92.96
8/19/20,92.28
8/18/20,92.82
8/17/20,93.07
8/14/20,93.22
8/13/20,93.36
8/12/20,93.68
8/11/20,93.6
8/10/20,93.39
8/7/20,92.81
8/6/20,92.77
8/5/20,93.23
8/4/20,93.58
8/3/20,93.45
7/31/20,92.82
7/30/20,93.32
7/29/20,93.75
7/28/20,93.58
7/27/20,94.35
7/24/20,94.77
7/23/20,94.98
7/22/20,95.13
7/21/20,95.75
7/20/20,96.01
7/17/20,96.28
7/16/20,96
7/15/20,96.17
7/14/20,96.54
7/13/20,96.66
7/10/20,96.75
7/9/20,96.45
7/8/20,96.99
7/7/20,96.75
7/6/20,97.15
7/3/20,97.22
7/2/20,97.14
7/1/20,97.39
6/30/20,97.4
6/29/20,97.5
6/26/20,97.35
6/25/20,97.24
6/24/20,96.66
6/23/20,96.93
6/22/20,97.66
6/19/20,97.42
6/18/20,97.08
6/17/20,97.01
6/16/20,96.56
6/15/20,97.09
6/12/20,96.81
6/11/20,96.09
6/10/20,96.43
6/9/20,96.63
6/8/20,96.84
6/5/20,96.74
6/4/20,97.32
6/3/20,97.57
6/2/20,97.84
6/1/20,98.3
5/29/20,98.52
5/28/20,98.91
5/27/20,99.02
5/26/20,99.77
5/25/20,99.8
5/22/20,99.42
5/21/20,99.17
5/20/20,99.55
5/19/20,99.62
5/18/20,100.36
5/15/20,100.26
5/14/20,100.19
5/13/20,100.01
5/12/20,100.23
5/11/20,99.12
5/8/20,99.84
5/7/20,100.21
5/6/20,99.8
5/5/20,99.51
5/4/20,98.56
5/1/20,99.13
4/30/20,99.48
4/29/20,99.88
4/28/20,100.06
4/27/20,100.23
4/24/20,100.5
4/23/20,100.45
4/22/20,100.21
4/21/20,99.94
4/20/20,99.71
4/17/20,99.86
4/16/20,99.63
4/15/20,98.82
4/14/20,99.38
4/13/20,99.49
4/10/20,99.58
4/9/20,100.13
4/8/20,99.91
4/7/20,100.75
4/6/20,100.66
4/3/20,100.2
4/2/20,99.51
4/1/20,99.01
3/31/20,99.25
3/30/20,98.31
3/27/20,99.29
3/26/20,100.96
3/25/20,101.6
3/24/20,102.13
3/23/20,101.95
3/20/20,102.94
3/19/20,100.79
3/18/20,99.38
3/17/20,98.14
3/16/20,98.7
3/13/20,97.45
3/12/20,96.65
3/11/20,96.33
3/10/20,95.34
3/9/20,96.11
3/6/20,96.61
3/5/20,97.38
3/4/20,97.17
3/3/20,97.56
3/2/20,98.12
2/28/20,98.42
2/27/20,99.02
2/26/20,99.08
2/25/20,99.33
2/24/20,99.34
2/21/20,99.86
2/20/20,99.54
2/19/20,99.43
2/18/20,99.19
2/17/20,99.16
2/14/20,99.12
2/13/20,98.99
2/12/20,98.77
2/11/20,98.86
2/10/20,98.7
2/7/20,98.46
2/6/20,98.29
2/5/20,97.94
2/4/20,97.82
2/3/20,97.37
1/31/20,97.87
1/30/20,98.03
1/29/20,97.95
1/28/20,97.95
1/27/20,97.88
1/24/20,97.72
1/23/20,97.48
1/22/20,97.62
1/21/20,97.63
1/20/20,97.64
1/17/20,97.31
1/16/20,97.18
1/15/20,97.38
1/14/20,97.36
1/13/20,97.35
1/10/20,97.43
1/9/20,97.27
1/8/20,96.83
1/7/20,96.65
1/6/20,96.9
1/3/20,96.79
1/2/20,96.48
1/1/20,96.5
12/31/19,96.73
12/30/19,97.02
12/27/19,97.54
12/26/19,97.63
12/25/19,97.67
12/24/19,97.66
12/23/19,97.67
12/20/19,97.39
12/19/19,97.4
12/18/19,97.23
12/17/19,97.14
12/16/19,97.18
12/13/19,96.78
12/12/19,97.08
12/11/19,97.51
12/10/19,97.65
12/9/19,97.68
12/6/19,97.38
12/5/19,97.59
12/4/19,97.71
12/3/19,97.89
12/2/19,98.27
11/29/19,98.34
11/28/19,98.33
11/27/19,98.3
11/26/19,98.33
11/25/19,98.27
11/22/19,97.93
11/21/19,97.86
11/20/19,97.84
11/19/19,97.81
11/18/19,97.98
11/15/19,98.17
11/14/19,98.34
11/13/19,98.33
11/12/19,98.21
11/11/19,98.37
11/8/19,98.14
11/7/19,97.95
11/6/19,97.94
11/5/19,97.55
11/4/19,97.22
11/1/19,97.3
10/31/19,97.44
10/30/19,97.67
10/29/19,97.75
10/28/19,97.85
10/25/19,97.69
10/24/19,97.46
10/23/19,97.49
10/22/19,97.31
10/21/19,97.34
10/18/19,97.6
10/17/19,97.99
10/16/19,98.32
10/15/19,98.45
10/14/19,98.36
10/11/19,98.7
10/10/19,98.98
10/9/19,99.09
10/8/19,98.98
10/7/19,98.82
10/4/19,98.87
10/3/19,99.03
10/2/19,99.16
10/1/19,99.4
9/30/19,99.12
9/27/19,99.19
9/26/19,98.96
9/25/19,98.38
9/24/19,98.64
9/23/19,98.51
9/20/19,98.57
9/19/19,98.57
9/18/19,98.21
9/17/19,98.65
9/16/19,98.12
9/13/19,98.41
9/12/19,98.63
9/11/19,98.33
9/10/19,98.33
9/9/19,98.42
9/6/19,98.42
9/5/19,98.4
9/4/19,98.96
9/3/19,99.08
9/2/19,98.83
8/30/19,98.43
8/29/19,98.19
8/28/19,98.01
8/27/19,98.05
8/26/19,97.59
8/23/19,98.19
8/22/19,98.25
8/21/19,98.17
8/20/19,98.36
8/19/19,98.17
8/16/19,98.13
8/15/19,97.95
8/14/19,97.8
8/13/19,97.48
8/12/19,97.53
8/9/19,97.57
8/8/19,97.6
8/7/19,97.56
8/6/19,97.25
8/5/19,98.11
8/2/19,98.41
8/1/19,98.59
7/31/19,98.03
7/30/19,98.07
7/29/19,97.99
7/26/19,97.79
7/25/19,97.69
7/24/19,97.72
7/23/19,97.3
7/22/19,97.14
7/19/19,96.82